name;borough;endereço;UTM-X;UTM-Y;latitude;longitude;star_rating;low_rate;Ponto Gastronomia;Ponto Entretenimento;Ponto Café;Ponto Bar;Ponto Ponto Turístico
Opera House Hotel;Bronx;436 East 149th Street;591430.15;4518820.46;40.81531;-73.91589;3.0;169.47;0.5800000000000001;0.0;0.0;0.06;0.09999999999999999
Rodeway Inn Bronx Zoo;Bronx;3070-72 Webster Ave;594556.49;4524989.64;40.87052;-73.87789;2.0;170.34;0.33;0.09;0.01;0.23;0.06999999999999999
Ramada Bronx;Bronx;1000 Baychester Ave;598420.79;4526069.43;40.87979;-73.83187;3.0;140.2387;0.09;0.0;0.0;0.36000000000000004;0.02
Days Inn Bronx Near Stadium;Bronx;997 Brook Ave;591762.53;4520108.04;40.82687;-73.91176;2.0;126.6667;0.9600000000000004;0.03;0.05;0.02;0.08
Howard Johnson Express Inn Bronx;Bronx;1922 Boston Rd;594295.32;4521549.98;40.83957;-73.88151;2.0;123.45;0.11999999999999998;0.0;0.04;0.01;0.18000000000000002
Bronx Guesthouse;Bronx;East 233 Street;596650.59;4527392.8;40.89192;-73.85267;2.0;151.725;0.7300000000000001;0.0;0.08;0.01;0.01
Sheridan Hotel;Bronx;1440 Sheridan Expy;594029.01;4520610.62;40.83114;-73.88481;2.0;169.39;0.09;0.0;0.04;0.02;0.03
Super 8 Bronx;Bronx;1145 Southern Blvd;593436.03;4520221.17;40.8277;-73.8919;2.0;93.09;0.12;0.02;0.02;0.02;0.09
Residence Inn New York The Bronx At Metro Center Atrium;Bronx;1776 Eastchester Rd;597474.22;4522702.65;40.84958;-73.84363;3.0;249.12;0.11999999999999998;0.0;2.27;0.04;0.0
Umbrella Hotel, An Ascend Hotel Collection Member;Bronx;681 Elton Ave;591528.17;4519214.71;40.81885;-73.91467;2.5;199.38;0.9200000000000002;0.02;0.01;0.29000000000000004;0.03
Sheraton Brooklyn New York Hotel;Brooklyn;228 Duffield Street;585814.46;4505018.57;40.6916;-73.98436;4.0;259.0916;4.969999999999989;0.7200000000000002;3.5899999999999985;1.2100000000000004;8.9
Best Western Plus Arena Hotel;Brooklyn;1324 Atlantic Ave;588856.19;4503576.65;40.67829;-73.94857;2.5;114.25;1.7000000000000008;0.03;0.08;0.9600000000000002;0.5800000000000001
Aloft New York Brooklyn;Brooklyn;216 Duffield St;585815.15;4505031.9;40.69172;-73.98435;3.0;249.46;4.95999999999999;0.7200000000000002;3.609999999999997;1.1900000000000006;9.09
NU Hotel Brooklyn;Brooklyn;85 Smith St;585428.37;4504715.48;40.68891;-73.98897;3.5;273.34;7.099999999999977;1.0000000000000002;4.909999999999999;2.19;7.09
Hotel BPM - Brooklyn New York;Brooklyn;139 33rd street;584241.41;4501103.76;40.6565;-74.0035;3.5;169.19;0.37;0.060000000000000005;0.19000000000000003;0.14;0.03
McCarren Hotel & Pool;Brooklyn;160 N 12th St;588220.07;4508310.83;40.721;-73.95543;4.0;330.41;8.679999999999978;0.9100000000000001;2.1799999999999997;16.619999999999997;0.13
Union Hotel, an Ascend Hotel Collection Member;Brooklyn;611 DeGraw St;585926.87;4503628.78;40.67907;-73.98322;2.5;114.36;4.629999999999985;0.7200000000000002;1.7300000000000004;5.479999999999994;0.13
Holiday Inn Express Brooklyn;Brooklyn;625 Union St;585817.54;4503508.73;40.678;-73.98453;3.0;99.2;4.399999999999986;0.6800000000000002;1.5700000000000003;3.659999999999997;0.20000000000000004
Hotel Le Bleu;Brooklyn;370 Fourth Ave;585650.64;4502956.14;40.67304;-73.98658;3.0;144.99;3.5799999999999925;0.44000000000000006;0.7600000000000002;2.469999999999999;0.17
Condor Hotel;Brooklyn;56 Franklin Ave;587979.89;4505698.95;40.6975;-73.95864;3.5;279.31;0.3700000000000001;0.02;0.15;0.39;0.02
Hotel Indigo BROOKLYN;Brooklyn;229 Duffield St;585811.54;4504978.57;40.69124;-73.9844;3.5;143.6691;5.049999999999988;0.7400000000000002;3.5799999999999983;1.3700000000000006;8.370000000000001
Sleep Inn Brooklyn Downtown;Brooklyn;134 22nd St;584716.67;4501837.45;40.66306;-73.99778;2.0;129.2;0.3800000000000001;0.12999999999999998;0.28;0.7700000000000001;0.07
La Quinta Inn & Suites Brooklyn Downtown;Brooklyn;533 3rd Ave;585094.8;4502481.24;40.66882;-73.99322;2.5;169.44;1.4900000000000007;0.53;0.3600000000000001;1.9000000000000006;0.18000000000000002
The Box House Hotel;Brooklyn;77 Box Street;588378.99;4510143.48;40.73749;-73.95329;4.0;249.42;1.0200000000000005;0.12999999999999998;0.13;2.5;0.4600000000000001
Hotel Le Jolie;Brooklyn;235 Meeker Ave;588621.5;4507799.36;40.71635;-73.95075;2.5;159.44;11.119999999999976;0.7500000000000002;4.529999999999996;15.739999999999986;0.22
Super 8 Brooklyn / Park Slope Hotel;Brooklyn;267 3rd Ave;585712.95;4503489.76;40.67784;-73.98577;2.0;271.0;4.059999999999991;0.6500000000000001;1.5600000000000005;5.419999999999992;0.21000000000000002
Red Lion Inn and Suites Brooklyn;Brooklyn;279 Butler St;585786.22;4503878.06;40.68133;-73.98485;3.5;309.0;4.51999999999998;0.7300000000000002;1.8400000000000003;3.2199999999999966;0.20000000000000004
Best Western Gregory Hotel;Brooklyn;8315 4th Ave;582237.41;4497525.39;40.62447;-74.02767;2.5;125.35;1.7600000000000007;0.05;0.56;0.7600000000000002;0.02
Pointe Plaza Hotel;Brooklyn;2 Franklin Ave;587949.06;4505876.22;40.6991;-73.95898;3.0;125.9366;0.33000000000000007;0.03;0.08;0.44;0.03
International Students Residence;Brooklyn;341 Broadway;588176.62;4506849.25;40.70784;-73.95615;1.5;40.29;4.7499999999999885;0.26;1.4100000000000001;9.549999999999994;0.09
Comfort Inn Red Hook;Brooklyn;17 Seabring Street;584017.26;4503727.95;40.68016;-74.0058;2.5;114.095;0.7000000000000004;0.05;0.13;0.29;0.17
Brooklyn Way Hotel, BW Premier Collection;Brooklyn;764 4th Ave;584645.35;4501492.47;40.65996;-73.99867;2.5;162.36;0.3400000000000001;0.09999999999999998;0.30000000000000004;0.6300000000000001;0.01
Fairfield Inn & Suites by Marriott New York Brooklyn;Brooklyn;181 3rd Ave;585864.97;4503792.38;40.68055;-73.98393;2.5;209.01;4.179999999999986;0.7900000000000003;1.9600000000000004;3.4499999999999975;0.19000000000000003
Galaxy Motel;Brooklyn;860 Pennsylvania Avenue;593889.44;4501249.33;40.65677;-73.88937;2.0;110.0134;0.39000000000000007;0.0;0.01;0.0;0.25
Days Inn Brooklyn;Brooklyn;437 39th Street;584105.83;4500607.07;40.65204;-74.00517;2.0;134.1;0.44;0.02;0.1;0.1;0.13
New York Marriott at the Brooklyn Bridge;Brooklyn;333 Adams St;585445.13;4505241.91;40.69365;-73.9887;4.0;212.04;6.639999999999984;0.6900000000000002;5.559999999999999;1.0200000000000005;17.92
Red Carpet Inn New York City;Brooklyn;980 Wyckoff Ave;592539.28;4505581.19;40.69594;-73.9047;2.0;200.34;0.5900000000000001;0.0;0.07;0.0;0.0
Oasis Motel in Brooklyn;Brooklyn;12091 Flatlands Ave;594061.46;4500751.9;40.65227;-73.88741;1.5;328.95;0.44000000000000006;0.0;0.13;0.0;0.08
Lexington Inn - Brooklyn NY;Brooklyn;2473 Atlantic Ave;592694.5;4503368.2;40.67599;-73.90319;2.5;179.99;0.17;0.0;0.09;0.03;0.12
Sankofa Aban Bed and Breakfast;Brooklyn;107 Macon Street;588984.79;4503919.03;40.68136;-73.947;2.5;135.17;1.910000000000001;0.01;0.17;1.0600000000000003;0.05
Lefferts Gardens Residence Bed and Breakfast;Brooklyn;44 Rutland Road;587994.35;4501410.35;40.65887;-73.95907;2.5;129.9519;1.1200000000000006;0.03;0.33;0.18;0.11999999999999998
The Missing Lantern;Brooklyn;1156 Dean St;588624.72;4503424.01;40.67694;-73.95133;2.0;160.44;1.4100000000000008;0.05;0.09999999999999999;0.8000000000000002;0.6100000000000001
Riviera Motor Inn Brooklyn;Brooklyn;2969 Atlantic Ave;594296.39;4503628.18;40.67815;-73.8842;1.5;271.5125;1.8800000000000001;0.0;0.04;0.060000000000000005;0.0
Brooklyn Motor Inn;Brooklyn;140 Hamilton Ave;583986.44;4503913.0;40.68183;-74.00614;2.0;130.21;0.6700000000000004;0.05;0.12;0.25;0.09999999999999999
Henry Norman Hotel;Brooklyn;251 North Henry Street;589177.83;4509093.89;40.72795;-73.94398;3.5;299.04;1.1400000000000003;0.09;0.31000000000000005;1.8700000000000006;0.22000000000000003
Hotel Lynx;Brooklyn;1420 Atlantic Avenue;589154.75;4503560.24;40.67811;-73.94504;2.0;139.3;1.8700000000000008;0.060000000000000005;0.060000000000000005;0.4600000000000001;0.6000000000000001
Hampton Inn Brooklyn Downtown NY;Brooklyn;125 Flatbush Avenue Extension;585833.28;4505437.34;40.69537;-73.98408;3.0;298.7424;3.9199999999999924;0.3600000000000001;2.9599999999999995;0.6800000000000003;11.079999999999995
Green Point YMCA;Brooklyn;99 Meserole Avenue;588402.22;4508973.58;40.72695;-73.95318;2.0;98.9647;3.3899999999999957;0.38;0.9900000000000001;5.3299999999999965;0.21
Comfort Inn Brooklyn City Center;Brooklyn;599 Utica Ave;590357.95;4501439.82;40.65888;-73.93111;2.5;179.23;0.3400000000000001;0.0;0.02;0.04;0.01
Bklyn House;Brooklyn;9 Beaver Street;589593.35;4506087.95;40.70083;-73.93949;2.5;199.48;1.1100000000000005;0.16;0.7000000000000002;0.6400000000000001;0.08
La Quinta Inn & Suites Brooklyn East;Brooklyn;1412 Pitkin Ave;591118.28;4502523.8;40.66856;-73.92196;2.5;149.15;0.6700000000000002;0.01;0.05;0.01;0.01
Oyo Bed & Breakfast;Brooklyn;1390 Bedford Avenue;588464.09;4503285.53;40.67571;-73.95325;2.5;90.0167;1.4500000000000008;0.12;0.12;1.4200000000000002;0.7000000000000002
Sumner Hotel;Brooklyn;22 Sumner Place;589501.16;4506095.72;40.70091;-73.94058;2.0;119.36;1.0900000000000005;0.17;0.7200000000000002;0.6100000000000001;0.0
Habitat 101;Brooklyn;101 Sutton Street;589444.92;4508937.23;40.72651;-73.94084;3.0;130.02;0.9000000000000004;0.09;0.21;1.3700000000000006;0.45999999999999996
Cesar Suites at New York South;Brooklyn;381 S 3rd St;588499.76;4506957.46;40.70878;-73.95231;3.0;359.1;5.6199999999999815;0.21000000000000002;2.07;8.899999999999991;0.12
Sleep Inn Prospect Park South;Brooklyn;1118 36th St;585589.46;4499752.5;40.64419;-73.98774;3.0;149.9044;0.8100000000000003;0.27;0.4800000000000001;0.33000000000000007;0.03
Quality Inn;Brooklyn;95 Chester Street;591992.93;4502616.74;40.6693;-73.9116;2.5;140.0083;0.7600000000000002;0.0;0.08;0.02;0.03
Americas Best Value Inn;Brooklyn;1705 Linden Boulevard;593046.52;4501312.01;40.65743;-73.89933;2.0;92.81;0.4100000000000001;0.0;0.06;0.0;0.09
The Brooklyn;Brooklyn;1199 Atlantic Avenue;588631.74;4503615.05;40.67866;-73.95122;3.5;189.44;1.7900000000000011;0.01;0.15000000000000002;1.12;0.53
Best Western Plus Brooklyn Bay Hotel;Brooklyn;3003 Emmons Avenue;589858.91;4493119.39;40.58399;-73.9382;2.5;171.22;2.569999999999998;0.16;0.07;0.30000000000000004;0.07
Vacation Rental in New York;Brooklyn;416 Van Siclen Avenue;593864.25;4502641.25;40.66931;-73.88946;3.0;190.08;0.15;0.0;0.060000000000000005;0.02;0.0
Holiday Inn Brooklyn Downtown;Brooklyn;300 Schermerhorn Road;585973.35;4504578.55;40.68762;-73.98254;3.5;144.0182;5.499999999999983;0.8800000000000001;3.4299999999999975;2.2;4.639999999999999
New York City Summer Dorms;Brooklyn;Conolly Hall, Long Island University;586147.8;4505057.96;40.69192;-73.98041;2.0;33.92;3.1599999999999966;0.6500000000000001;2.3599999999999994;1.1200000000000003;5.670000000000001
Dazzler Brooklyn;Brooklyn;85 Flatbush Ave Extension;585792.36;4505541.23;40.69631;-73.98455;3.5;230.4843;3.449999999999992;0.2900000000000001;2.17;0.5000000000000002;10.45
Midwood Suites Brooklyn;Brooklyn;1078 East 15 Street;587873.62;4497458.8;40.62329;-73.96105;3.0;109.0;0.8300000000000001;0.06;0.21000000000000002;0.02;0.11
Comfort Inn Brooklyn;Brooklyn;3218 Emmons Ave;590346.16;4493143.04;40.58415;-73.93244;2.5;170.0139;0.7100000000000001;0.4;0.13999999999999999;1.69;0.12000000000000001
The William Vale Hotel;Brooklyn;111 North 12th Street;588060.25;4508467.69;40.72243;-73.9573;5.0;299.37;6.769999999999985;0.9000000000000002;1.6500000000000001;14.36999999999999;0.15000000000000002
Sleep Inn Coney Island;Brooklyn;2586 Stillwell Ave;586068.43;4493137.93;40.58456;-73.98298;2.0;174.37;1.26;0.0;0.24000000000000002;0.1;0.01
Wyndham Garden Brooklyn Sunset Park;Brooklyn;457 39th Street;584145.93;4500575.33;40.65175;-74.0047;4.0;251.31;0.4000000000000001;0.02;0.07;0.060000000000000005;0.1
Hipster's Cove Bed & Breakfast;Brooklyn;1300 Sterling Place;589969.6;4502859.53;40.67171;-73.9355;2.5;69.16;0.7900000000000003;0.060000000000000005;0.0;0.24000000000000002;0.64
EVEN Hotel Brooklyn;Brooklyn;46 Nevins Street;586041.17;4504560.46;40.68745;-73.98174;4.0;144.47;5.379999999999983;0.9900000000000001;3.1699999999999977;2.289999999999999;4.38
Hilton Brooklyn New York;Brooklyn;140 Schermerhorn Street;585498.23;4504813.98;40.68979;-73.98813;4.0;249.45;6.479999999999979;0.8700000000000003;4.339999999999999;1.930000000000001;8.129999999999999
1 Hotel Brooklyn Bridge;Brooklyn;60 Furman Street;584857.91;4506122.23;40.70164;-73.99553;5.0;297.0;4.119999999999994;0.24000000000000007;1.8500000000000005;1.4100000000000004;9.849999999999996
The Justice Manor;Brooklyn;154 Washington Ave;587275.51;4505310.94;40.69408;-73.96703;3.0;150.05;1.630000000000001;0.16;0.2;0.9300000000000003;0.04
Your NYC Vacation;Brooklyn;61 Jefferson Avenue;588322.96;4504064.34;40.68274;-73.95481;3.5;0.0;1.8200000000000007;0.03;0.37000000000000005;1.5700000000000003;0.11
Howard Johnson Brooklyn;Brooklyn;524 Rockaway Avenue;592099.89;4502376.03;40.66712;-73.91037;2.5;299.5143;0.54;0.0;0.04;0.01;0.03
La Quinta Inn & Suites Brooklyn - Williamsburg;Brooklyn;437 Union Avenue;588559.75;4507452.23;40.71323;-73.95153;2.5;158.8902;14.459999999999964;0.5700000000000001;4.219999999999997;18.480000000000008;0.17
Franklin Guesthouse;Brooklyn;214 Franklin Street;587977.01;4509645.76;40.73305;-73.95812;3.0;249.48;2.0100000000000002;0.02;0.31999999999999995;1.9700000000000002;0.12999999999999998
Bogart Hotel;Brooklyn;19 Bogart Street;590122.37;4506429.65;40.70385;-73.93318;2.5;114.72;2.469999999999999;0.41000000000000003;1.11;2.27;0.09
Hotel RL by Red Lion Brooklyn;Brooklyn;1080 Broadway;590315.22;4505370.61;40.69429;-73.93105;3.0;134.43;2.06;0.04;1.45;0.4900000000000001;0.7999999999999999
La Quinta Inn & Suites Brooklyn Central;Brooklyn;1229 Atlantic Avenue;588722.22;4503611.69;40.67862;-73.95015;2.5;0.0;1.980000000000001;0.02;0.12999999999999998;1.09;0.54
Illumination Bed & Breakfast;Brooklyn;138 Saint James Place;587494.2;4504393.14;40.68579;-73.96457;2.5;120.309;2.6299999999999977;0.31000000000000005;0.4500000000000001;2.34;0.060000000000000005
Bright 3BR in Williamsburg by Sonder;Brooklyn;Grand Street and Humboldt St;589347.22;4507301.8;40.71179;-73.94223;3.5;0.0;4.259999999999997;0.30000000000000004;2.1;6.319999999999996;0.08
Dumont NYC-an Affinia hotel;New York;150 E. 34th Street at Lexington Avenue;586172.35;4511088.95;40.74624;-73.97929;4.0;299.24;39.47000000000007;2.5399999999999987;28.820000000000007;22.10000000000002;13.789999999999994
Park Central New York;New York;870 7th Ave;586022.98;4513116.7;40.76452;-73.98078;4.0;190.0;29.820000000000128;16.269999999999975;18.439999999999998;18.84000000000001;2.25
Blakely New York;New York;136 W 55th St;586119.47;4513022.34;40.76366;-73.97965;4.5;205.46;32.510000000000154;27.500000000000096;18.74000000000001;18.35000000000001;2.130000000000001
Pod 39;New York;145 East 39th Street;586387.06;4511430.06;40.74929;-73.9767;3.0;130.0206;35.570000000000086;2.07;24.91;23.23000000000005;4.95
Sheraton Tribeca New York Hotel;New York;370 Canal Street;584102.76;4508265.21;40.72102;-74.00418;4.0;219.18;21.560000000000024;3.3899999999999966;10.719999999999985;16.79999999999999;1.5400000000000003
Chelsea Savoy Hotel;New York;204 W 23rd Street;584767.54;4510848.48;40.74422;-73.99596;2.0;175.41;57.05000000000002;8.959999999999985;38.370000000000026;34.53000000000003;3.6999999999999975
Distrikt Hotel New York City, an Ascend Collection Hotel;New York;342 W 40th St;585024.23;4512246.96;40.75679;-73.99273;3.5;129.34;32.18000000000016;16.299999999999965;36.94999999999999;33.65000000000005;2.3599999999999994
Element New York Times Square West;New York;311 West 39th Street;585093.21;4512121.19;40.75565;-73.99193;3.5;299.16;34.780000000000136;19.4500000000001;42.050000000000004;33.83000000000003;3.0799999999999996
Hyatt Union Square New York;New York;134 Fourth Avenue;585293.75;4509661.03;40.73347;-73.98989;4.0;543.1791;71.89000000000016;8.13999999999999;22.630000000000027;43.35000000000003;10.039999999999994
Hyatt Centric Times Square New York;New York;135 W 45th St;585746.02;4512321.9;40.75739;-73.98417;4.0;412.9442;43.170000000000044;21.190000000000087;37.06000000000001;48.750000000000014;4.839999999999998
Hudson New York, Central Park;New York;358 W 58th St;585682.13;4513539.07;40.76836;-73.98476;4.0;131.05;20.930000000000057;13.26999999999996;9.899999999999995;14.499999999999982;4.979999999999998
Excelsior Hotel;New York;45 W 81st St;586583.96;4515169.39;40.78295;-73.97385;3.5;328.8777;13.269999999999959;4.669999999999994;5.42;3.629999999999997;0.6400000000000001
WestHouse New York;New York;201 West 55th Street;585967.41;4513104.95;40.76442;-73.98144;5.0;370.23;30.370000000000136;16.699999999999985;18.689999999999998;21.71000000000001;2.2899999999999996
DoubleTree Suites by Hilton New York City - Times Square;New York;1568 Broadway;585694.95;4512504.49;40.75904;-73.98475;4.0;259.11;48.02999999999996;25.380000000000116;33.540000000000006;33.51000000000003;3.789999999999999
The Westin New York at Times Square;New York;270 W 43rd Street;585336.12;4512361.57;40.75779;-73.98902;4.5;304.45;47.060000000000066;38.7499999999999;36.529999999999994;32.740000000000045;3.579999999999999
Paramount Times Square;New York;235 West 46th Street;585494.36;4512548.8;40.75946;-73.98712;4.0;182.96;41.50000000000013;23.6000000000001;28.500000000000018;34.890000000000015;3.3499999999999983
New York Hilton Midtown;New York;1335 Avenue Of The Americas;586198.1;4512866.71;40.76225;-73.97874;4.0;203.16;35.600000000000215;19.200000000000085;21.540000000000003;19.85999999999999;2.7699999999999987
DoubleTree by Hilton New York City - Financial District;New York;8 Stone St;583428.05;4506370.25;40.70402;-74.01242;4.0;329.1227;8.799999999999981;0.23000000000000004;6.639999999999996;7.259999999999996;7.3299999999999965
The Franklin Hotel;New York;164 E 87th St;588229.18;4514849.09;40.77989;-73.9544;3.5;224.76;16.979999999999993;2.1599999999999984;10.829999999999997;8.449999999999996;0.07999999999999999
Refinery Hotel;New York;63 W 38th St;585643.91;4511734.52;40.75211;-73.98546;5.0;279.37;50.32999999999997;13.149999999999958;38.55000000000004;28.30000000000005;6.789999999999996
DoubleTree by Hilton Hotel New York - Times Square South;New York;341 West 36th Street;584894.97;4511960.15;40.75422;-73.9943;4.0;332.43;29.58000000000011;17.910000000000068;23.459999999999983;22.78000000000003;1.7800000000000002
DoubleTree by Hilton New York City - Chelsea;New York;128 West 29th Street;585158.91;4511179.37;40.74716;-73.99128;4.0;212.33;45.480000000000096;8.719999999999976;27.159999999999997;26.700000000000045;8.889999999999993
W New York - Times Square;New York;1567 Broadway At 47th St;585663.3;4512539.65;40.75936;-73.98512;4.5;381.61;49.32;24.180000000000103;37.69999999999998;36.179999999999986;3.6199999999999988
The Redbury New York;New York;29 East 29th Street;585754.33;4510947.54;40.74501;-73.98426;4.0;229.34;53.800000000000004;4.959999999999992;27.749999999999996;34.540000000000056;14.959999999999992
The Westin New York Grand Central;New York;212 East 42nd Street;586632.12;4511557.27;40.75041;-73.97378;4.5;499.1459;29.09000000000016;1.9000000000000006;22.610000000000003;17.400000000000006;4.24
The Roosevelt Hotel, New York City;New York;45 E 45th Street;586313.53;4512016.52;40.75458;-73.97749;4.0;229.06;47.54000000000009;9.929999999999971;38.70000000000001;20.99000000000004;6.169999999999998
Hotel St. James;New York;109 W. 45TH ST.;585819.07;4512283.89;40.75704;-73.98331;2.5;309.23;42.730000000000054;19.65000000000009;35.820000000000014;36.65000000000001;5.479999999999998
Flatiron Hotel;New York;9 West 26th Street;585323.45;4510822.66;40.74393;-73.98938;4.0;199.46;57.15000000000005;6.139999999999988;26.15000000000002;30.97000000000007;12.479999999999995
The Gallivant Times Square;New York;234 W 48th St;585572.98;4512685.16;40.76068;-73.98617;3.5;199.13;42.36000000000005;21.93000000000012;28.780000000000012;42.400000000000006;3.0199999999999987
Ace Hotel New York;New York;20 West 29th Street;585418.06;4511039.13;40.74587;-73.98823;4.0;177.6384;58.91;6.589999999999989;100.04999999999995;28.18000000000003;11.86999999999999
The Pearl New York;New York;233 West 49th Street;585616.12;4512751.16;40.76127;-73.98565;4.0;264.3803;40.68000000000011;21.29000000000011;28.060000000000016;32.39000000000004;3.3099999999999987
YOTEL New York at Times Square;New York;570 Tenth Avenue;584762.05;4512509.3;40.75918;-73.9958;4.0;259.0;22.260000000000037;10.30999999999996;14.049999999999992;26.330000000000027;0.9100000000000003
Four Points by Sheraton Midtown-Times Square;New York;326 W 40th Sreet;585065.85;4512225.24;40.75659;-73.99224;3.5;286.48;33.77000000000011;17.82000000000005;48.01000000000001;48.23999999999998;2.789999999999999
Shelburne NYC-an Affinia hotel;New York;303 Lexington Avenue;586261.47;4511338.67;40.74848;-73.9782;4.0;149.04;35.66000000000006;3.7799999999999923;26.040000000000035;21.260000000000034;10.149999999999997
Viceroy Central Park New York;New York;120 W 57th St;586231.11;4513149.1;40.76479;-73.97831;5.0;209.27;27.090000000000128;13.839999999999957;12.959999999999997;15.809999999999977;1.8000000000000005
Staybridge Suites Times Square;New York;340 W 40 Street;585034.44;4512240.42;40.75673;-73.99261;3.5;252.16;32.53000000000013;16.689999999999994;39.16;36.05000000000004;2.3899999999999997
Empire Hotel;New York;44 W 63rd St;585860.28;4513898.63;40.77158;-73.9826;4.0;229.64;23.19000000000009;17.50000000000001;5.849999999999998;17.81000000000001;5.179999999999997
The Iroquois New York;New York;49 West 44th Street;585922.09;4512136.31;40.7557;-73.98211;4.0;399.0207;40.75000000000009;15.28999999999994;37.37000000000003;27.380000000000074;8.249999999999996
The Lucerne Hotel;New York;201 W 79th St;586177.64;4515203.51;40.7833;-73.97866;4.0;249.16;15.409999999999963;5.139999999999998;7.6499999999999995;9.759999999999996;0.41000000000000003
Hyatt Place New York Midtown South;New York;52 West 36th Street;585628.14;4511564.47;40.75058;-73.98567;3.5;319.16;51.88000000000004;9.949999999999966;34.769999999999996;33.090000000000046;5.839999999999997
The Mansfield Hotel;New York;12 W 44th St;586016.46;4512079.67;40.75518;-73.981;4.0;324.0;39.25000000000015;13.199999999999953;36.81000000000003;23.670000000000066;8.709999999999997
New York Marriott Marquis;New York;1535 Broadway;585636.06;4512413.88;40.75823;-73.98546;4.5;310.41;43.540000000000035;24.850000000000104;34.04000000000001;33.64000000000001;3.9999999999999982
NYLO New York City;New York;2178 Broadway at W 77th St;586044.84;4515085.39;40.78225;-73.98025;4.0;108.9535;16.069999999999972;7.299999999999997;7.359999999999998;4.989999999999997;0.42000000000000004
Residence Inn New York Manhattan/Central Park;New York;1717 Broadway;585882.35;4513087.31;40.76427;-73.98245;3.5;339.01;32.58000000000016;18.130000000000038;22.909999999999997;24.94;2.419999999999999
Hampton Inn Manhattan Soho;New York;54 Watts St;584002.31;4508557.17;40.72366;-74.00533;3.0;134.13;21.920000000000048;2.5399999999999983;9.049999999999986;17.139999999999993;1.06
Kimpton Hotel Eventi;New York;851 Avenue of the Americas;585292.27;4511184.23;40.74719;-73.9897;5.0;499.17;50.140000000000086;7.969999999999985;29.130000000000024;26.140000000000054;9.389999999999999
Travel Inn Hotel;New York;515 W 42nd St;584734.09;4512592.25;40.75993;-73.99612;2.5;160.4;20.279999999999966;8.029999999999973;12.430000000000001;36.35999999999999;0.9000000000000001
Andaz Wall Street - a concept by Hyatt;New York;75 Wall St;583832.28;4506486.93;40.70503;-74.00762;4.5;242.1499;10.28999999999997;0.28;7.28;7.739999999999998;5.889999999999997
The Premier New York Times Square;New York;133 W 44th St;585720.73;4512246.11;40.75671;-73.98448;4.5;215.19;51.22999999999997;20.560000000000077;36.110000000000014;38.62999999999999;5.729999999999998
The Nolitan;New York;30 Kenmare St;584856.49;4508240.49;40.72072;-73.99526;3.5;200.49;36.580000000000204;3.4499999999999917;10.819999999999986;37.72000000000002;1.1300000000000003
The Kimberly Hotel & Suites;New York;145 E 50th St;586816.3;4512195.59;40.75614;-73.97151;4.0;188.286;37.58000000000009;5.189999999999987;21.579999999999995;24.920000000000034;2.9299999999999997
Park Lane Hotel;New York;36 Central Park S;586496.42;4513199.93;40.76522;-73.97516;4.0;159.06;20.170000000000023;8.319999999999974;11.059999999999995;10.119999999999981;1.7700000000000002
NoMo SoHo;New York;9 Crosby Street;584431.84;4508146.83;40.71992;-74.0003;4.5;375.18;25.52000000000012;3.0999999999999974;11.859999999999983;20.25000000000003;1.4000000000000001
InterContinental - New York Times Square;New York;300 W 44th St;585309.58;4512466.74;40.75874;-73.98932;4.5;369.15;50.83000000000005;25.920000000000133;31.900000000000006;45.14000000000004;3.489999999999999
The Renwick Hotel New York City, Curio Collection by Hilton;New York;118 E 40th St;586320.67;4511548.08;40.75036;-73.97747;4.0;199.47;35.89000000000001;4.129999999999987;30.680000000000028;21.260000000000044;5.6899999999999995
Hampton Inn Times Square North;New York;851 8th Ave;585630.48;4512968.93;40.76323;-73.98545;3.0;158.86;37.250000000000156;17.90000000000005;21.710000000000008;29.10000000000004;2.2899999999999996
Four Points by Sheraton Manhattan SoHo Village;New York;66 Charlton St;583940.46;4508947.26;40.72718;-74.00601;3.5;310.71;25.6900000000001;2.2499999999999982;12.529999999999994;24.930000000000007;0.6000000000000001
Courtyard New York Manhattan/Times Square West;New York;307 W 37th St;585031.56;4511976.15;40.75435;-73.99268;3.5;259.04;34.220000000000105;18.51000000000007;31.579999999999988;26.040000000000042;2.749999999999999
The Tuscany - A St Giles Signature Hotel;New York;120 E 39th Street;586269.89;4511486.43;40.74981;-73.97808;4.0;274.0;35.39000000000003;4.1199999999999894;29.20000000000003;21.560000000000034;5.879999999999999
World Center Hotel;New York;144 Washington St;583292.85;4506973.79;40.70947;-74.01394;4.0;219.19;11.209999999999953;0.8000000000000003;9.969999999999995;5.509999999999999;4.979999999999998
Wyndham New Yorker;New York;481 Eighth Ave.;584988.29;4511773.6;40.75253;-73.99322;4.0;139.03;41.43999999999996;30.300000000000125;34.93999999999998;27.84000000000005;3.0700000000000003
The Kitano New York;New York;66 Park Ave;586140.12;4511463.83;40.74962;-73.97962;4.5;269.014;37.27000000000006;4.809999999999988;32.68;21.770000000000053;6.559999999999998
Omni Berkshire Place;New York;21 E 52nd Street;586515.95;4512539.57;40.75927;-73.97502;4.5;1000.0;28.57000000000022;9.929999999999966;24.210000000000004;14.869999999999964;2.869999999999999
Row NYC;New York;700 8th Avenue;585383.46;4512502.01;40.75905;-73.98844;4.0;159.021;49.20000000000007;24.920000000000154;28.77000000000002;35.810000000000024;3.4399999999999986
The Manhattan at Times Square Hotel;New York;790 7th Ave;585873.4;4512840.74;40.76205;-73.98259;4.0;180.13;35.69000000000016;20.550000000000107;25.459999999999994;23.600000000000026;3.459999999999999
Residence Inn by Marriott New York Manhattan/Times Square;New York;1033 Avenue Of The Americas;585626.23;4511803.15;40.75273;-73.98566;3.5;273.14;45.33000000000002;14.039999999999958;38.75000000000005;29.190000000000055;6.879999999999996
Wellington Hotel;New York;871 Seventh Ave;586019.69;4513110.0;40.76446;-73.98082;3.0;179.0094;29.860000000000124;16.359999999999975;19.66;19.010000000000005;2.2399999999999998
Hotel Sofitel New York;New York;45 W 44th St;585939.93;4512126.52;40.75561;-73.9819;4.5;223.2;40.67000000000007;14.629999999999942;37.01000000000004;26.340000000000064;8.329999999999997
Hilton Garden Inn Tribeca;New York;39 Avenue of the Americas;584004.71;4508270.76;40.72108;-74.00534;3.5;211.66;20.300000000000033;3.0299999999999967;9.809999999999986;16.179999999999986;1.87
Hilton New York Fashion District;New York;152 W 26th Street;584961.51;4511017.23;40.74572;-73.99364;4.0;129.79;99.9900000000005;9.709999999999981;24.720000000000013;32.42000000000004;9.229999999999997
The Marmara Manhattan;New York;301 E 94th St;588785.54;4515184.37;40.78285;-73.94776;3.5;285.1102;8.749999999999975;0.47;5.79;5.430000000000001;0.16
Ameritania at Times Square;New York;230 W 54th Street;585852.97;4513073.65;40.76415;-73.9828;3.5;289.0416;33.18000000000011;18.38000000000003;24.24;25.590000000000018;2.3099999999999996
Stewart Hotel;New York;371 7th Ave;585080.69;4511373.87;40.74892;-73.99218;4.0;249.0;43.99000000000001;15.449999999999974;38.74999999999998;29.070000000000043;7.669999999999998
Crowne Plaza Times Square Manhattan;New York;1605 Broadway At 49th St;585690.86;4512638.78;40.76025;-73.98478;4.0;243.12;42.11000000000009;21.010000000000105;31.22999999999999;30.710000000000047;3.3299999999999987
The Gotham Hotel;New York;16 E 46th St;586257.26;4512135.76;40.75566;-73.97814;4.5;221.0;40.67000000000011;11.589999999999959;75.53000000000002;21.300000000000047;5.499999999999999
TRYP By Wyndham Times Square South;New York;345 W 35th Street;584859.47;4511889.8;40.75359;-73.99473;4.5;269.0;28.99000000000008;21.400000000000098;22.669999999999987;22.590000000000025;1.6700000000000002
Novotel New York - Times Square;New York;226 W 52nd St;585784.55;4512931.86;40.76288;-73.98363;4.0;158.934;35.53000000000023;22.55000000000012;23.360000000000003;24.660000000000032;2.3999999999999986
Amsterdam Court Hotel;New York;226 W 50th St;585666.03;4512815.02;40.76184;-73.98505;3.0;299.0;42.38000000000004;19.56000000000008;26.600000000000012;29.590000000000042;3.3899999999999997
La Quinta Inn & Suites New York City Central Park;New York;31 W 71st St;586262.06;4514405.12;40.7761;-73.97777;2.5;169.2;12.849999999999973;10.95999999999999;4.5600000000000005;4.089999999999998;1.7300000000000002
Marriott Vacation Club Pulse, New York City;New York;33 West 37 Street;585684.03;4511623.96;40.75111;-73.985;4.0;175.03;44.37000000000007;12.149999999999963;34.19000000000001;29.61000000000004;6.669999999999996
Andaz 5th Avenue - a concept by Hyatt;New York;485 5th Ave;585990.73;4511822.91;40.75287;-73.98134;4.5;345.0;39.900000000000105;10.079999999999963;35.210000000000015;25.130000000000088;15.699999999999996
Night Hotel Times Square;New York;157 West 47th Street;585754.11;4512498.52;40.75898;-73.98405;4.0;239.0;43.10000000000007;22.91000000000011;33.47000000000003;41.110000000000014;3.839999999999999
Hilton Garden Inn New York/Manhattan-Chelsea;New York;121 W 28th St;585134.45;4511103.59;40.74648;-73.99158;3.5;143.7464;46.63000000000004;8.189999999999982;26.530000000000012;28.180000000000042;8.919999999999996
Best Western Premier Herald Square;New York;50 W 36th St;585637.5;4511559.03;40.75053;-73.98556;3.0;225.2745;50.950000000000045;9.809999999999967;34.60999999999999;34.56000000000004;6.129999999999997
Holiday Inn Express - New York City Chelsea;New York;232 W 29th St;584885.33;4511328.33;40.74853;-73.9945;3.0;176.39;40.71999999999999;13.269999999999975;22.710000000000015;26.500000000000025;6.409999999999993
DoubleTree by Hilton Metropolitan - New York City;New York;569 Lexington Ave;586767.13;4512284.94;40.75695;-73.97208;4.0;159.32;29.02000000000015;5.679999999999983;22.949999999999996;16.349999999999984;2.9499999999999997
Gardens NYC-an Affinia hotel;New York;215 E 64th St;587502.08;4513102.94;40.76424;-73.96326;3.5;232.44;11.859999999999955;0.9000000000000004;6.509999999999994;6.739999999999996;1.7800000000000002
The Wall Street Inn;New York;9 S William St;583592.83;4506443.15;40.70466;-74.01046;3.0;164.9857;12.939999999999971;0.26;6.989999999999998;20.15;8.569999999999999
Millenium Hilton;New York;55 Church Street;583566.02;4507173.37;40.71124;-74.01068;4.0;169.45;13.469999999999942;1.06;19.200000000000017;9.379999999999994;5.039999999999999
Le Parker Meridien New York;New York;119 W. 56th Street;586196.56;4513070.98;40.76409;-73.97873;4.5;239.42;58.26999999999983;16.219999999999974;16.739999999999988;17.74999999999999;1.9100000000000004
Holiday Inn Express New York City- Wall Street;New York;126 Water St;583874.0;4506532.92;40.70544;-74.00712;3.0;139.0073;10.64999999999997;0.33000000000000007;7.579999999999997;7.149999999999993;5.889999999999997
Wyndham Garden Chinatown;New York;93 Bowery;584830.88;4507821.65;40.71695;-73.99562;4.0;242.48;23.64000000000007;2.219999999999999;7.029999999999995;18.600000000000012;1.0000000000000002
Hotel Pennsylvania;New York;401 7th Ave;585147.74;4511490.1;40.74996;-73.99137;2.5;169.0;44.650000000000034;20.580000000000084;33.71999999999999;32.97000000000004;4.079999999999999
The Evelyn Hotel;New York;7 E 27th St;585513.56;4510811.53;40.74381;-73.98713;3.5;169.0299;54.14999999999992;6.179999999999991;34.349999999999994;29.90000000000007;14.359999999999994
Millennium Broadway New York Times Square;New York;145 W 44th St;585685.05;4512265.68;40.75689;-73.9849;4.0;289.0416;46.43999999999996;21.470000000000102;36.910000000000046;42.059999999999995;5.329999999999997
Hampton Inn New York - 35th Street - Empire State Building;New York;59 W 35th St;585557.81;4511513.7;40.75013;-73.98651;3.0;299.33;52.11000000000005;10.789999999999974;33.86999999999998;34.97000000000005;5.609999999999997
The James New York;New York;27 Grand St;584055.7;4508466.74;40.72284;-74.00471;4.5;295.0;25.230000000000164;2.8099999999999965;9.95999999999999;19.09;1.1900000000000002
Cassa Hotel 45th Street;New York;70 West 45th St.;585920.25;4512221.78;40.75647;-73.98212;4.0;609.0939;41.96000000000005;16.489999999999974;37.39000000000003;26.98000000000007;6.559999999999997
Club Quarters Hotel, Grand Central;New York;128 East 45th Street;586575.25;4511871.91;40.75325;-73.97441;4.0;169.41;40.12000000000003;7.359999999999984;35.790000000000006;20.17000000000003;7.139999999999998
The Jewel facing Rockefeller Center;New York;11 West 51st Street;586280.89;4512571.25;40.75958;-73.9778;4.0;219.0;35.58000000000012;21.20000000000014;29.339999999999996;20.900000000000027;3.189999999999999
Hotel Edison;New York;228 W 47th St;585585.93;4512587.61;40.7598;-73.98603;3.0;379.0;41.51000000000012;22.44000000000011;30.73999999999999;33.54000000000004;3.2499999999999982
The Lombardy;New York;111 E 56th St;586888.91;4512698.26;40.76066;-73.97058;4.0;309.33;23.570000000000036;5.599999999999985;19.259999999999998;11.909999999999984;2.2399999999999998
Dream Midtown;New York;210 West 55th Street;585934.28;4513122.33;40.76458;-73.98183;4.0;319.0;30.54000000000014;16.27999999999998;18.230000000000004;23.700000000000014;2.3299999999999987
Comfort Inn Times Square South Area;New York;305 West 39th Street;585109.38;4512110.27;40.75555;-73.99174;3.0;249.44;35.2300000000001;20.450000000000085;43.20000000000002;33.73000000000001;3.1399999999999992
Courtyard by Marriott New York Manhattan/SoHo;New York;181 Varick St;583983.1;4508985.49;40.72752;-74.0055;3.5;239.01;29.20000000000011;2.469999999999998;12.759999999999993;25.580000000000023;0.9600000000000004
Loews Regency New York Hotel;New York;540 Park Avenue;587029.98;4513121.8;40.76446;-73.96885;5.0;479.4;14.169999999999932;4.499999999999989;8.499999999999998;6.889999999999994;1.1700000000000002
Holiday Inn Manhattan 6th Ave - Chelsea;New York;125 W 26th St;585063.45;4510962.89;40.74522;-73.99244;3.5;162.35;48.29000000000008;7.9699999999999855;26.460000000000015;87.01000000000023;9.919999999999995
Holiday Inn Express New York City Fifth Avenue;New York;15 West 45th Street;586073.94;4512145.84;40.75577;-73.98031;3.0;189.02;41.67000000000008;13.489999999999947;38.33000000000001;27.19000000000006;6.849999999999997
Holiday Inn Express Manhattan Times Square South;New York;60 West 36th Street;585527.89;4511618.83;40.75108;-73.98685;3.0;135.16;48.66000000000005;13.66999999999996;34.51999999999999;28.320000000000036;5.289999999999996
Hilton Garden Inn Times Square;New York;790 Eighth Ave.;585506.58;4512733.24;40.76112;-73.98695;3.5;293.5276;42.50000000000013;19.650000000000084;29.069999999999997;43.50999999999997;3.199999999999998
Sheraton New York Times Square Hotel;New York;811 7th Ave;585911.46;4512906.68;40.76264;-73.98213;4.0;464.32;33.74000000000016;19.810000000000095;24.17000000000001;23.05000000000004;2.9899999999999993
Residence Inn by Marriott New York Manhattan/Midtown East;New York;148 E 48th St;586698.6;4512080.96;40.75512;-73.97292;3.5;195.06;32.940000000000126;6.059999999999986;30.129999999999995;17.110000000000007;4.369999999999999
Lotte New York Palace;New York;455 Madison Ave;586558.66;4512424.61;40.75823;-73.97453;4.5;349.41;35.75000000000001;8.709999999999974;24.720000000000017;15.72999999999997;2.89
Club Quarters Hotel, opposite Rockefeller Center;New York;25 West 51st St Entrance A;586234.16;4512597.35;40.75982;-73.97835;4.0;279.0;36.28000000000014;25.67000000000018;28.64;23.920000000000048;3.2699999999999996
Dream Downtown;New York;355 W 16th St;584117.78;4510589.06;40.74195;-74.00369;4.5;299.36;75.71000000000019;4.4099999999999895;11.869999999999987;44.029999999999994;2.37
Grand Hyatt New York;New York;109 East 42nd Street;586393.27;4511694.37;40.75167;-73.97659;4.0;375.66;37.660000000000096;5.449999999999984;34.32999999999999;20.630000000000056;5.869999999999999
The Lexington New York City, Autograph Collection;New York;511 Lexington Ave at 48th St.;586659.82;4512076.07;40.75508;-73.97338;4.0;159.0316;32.23000000000017;6.289999999999984;34.989999999999995;17.690000000000012;4.609999999999999
Waldorf Astoria New York;New York;301 Park Avenue;586578.53;4512241.65;40.75658;-73.97432;4.5;210.4;28.480000000000167;7.609999999999974;27.959999999999994;16.569999999999986;3.619999999999999
Trump Soho New York;New York;246 Spring Street;583978.72;4508775.61;40.72563;-74.00558;5.0;345.32;21.37;2.5199999999999974;25.85000000000003;23.290000000000006;0.8000000000000003
The Roger;New York;131 Madison Ave;585745.67;4511039.59;40.74584;-73.98435;4.0;199.16;52.900000000000034;5.27999999999999;30.600000000000023;28.980000000000032;14.219999999999986
SpringHill Suites by Marriott New York Midtown Manhattan;New York;25 West 37th St;585707.79;4511613.13;40.75101;-73.98472;3.5;206.01;44.02000000000006;11.269999999999968;34.11000000000002;29.57000000000005;6.859999999999998
Hampton Inn Manhattan/United Nations;New York;231 E 43rd St;586754.1;4511595.33;40.75074;-73.97233;3.0;179.69;24.890000000000136;2.6099999999999994;19.66999999999999;15.429999999999971;3.9199999999999995
Fairfield Inn & Suites New York Midtown Manhattan/Penn Station;New York;325 W 33rd St;584815.81;4511721.66;40.75208;-73.99527;3.0;189.02;30.230000000000107;25.45000000000013;22.66000000000001;23.300000000000026;1.6800000000000004
Hilton Times Square;New York;234 W 42nd St;585361.03;4512250.84;40.75679;-73.98874;4.0;289.83;52.35000000000001;99.71000000000055;37.819999999999965;30.880000000000077;3.879999999999998
Fairfield Inn by Marriott New York Manhattan/Times Square;New York;330 West 40th Street;585053.95;4512231.76;40.75665;-73.99238;3.0;197.02;33.46000000000013;17.350000000000048;44.73000000000002;49.70999999999998;2.4599999999999995
Courtyard by Marriott New York Manhattan/Herald Square;New York;71 W 35th St;585509.38;4511539.79;40.75037;-73.98708;3.5;309.04;48.98999999999997;11.27999999999997;33.31000000000002;29.78000000000007;5.099999999999997
Bentley Hotel;New York;500 E 62nd St;587923.05;4512698.25;40.76055;-73.95833;4.0;319.4;8.159999999999979;0.4100000000000001;2.899999999999998;4.419999999999998;3.3099999999999996
Courtyard by Marriott New York City Manhattan Fifth Avenue;New York;3 E 40th St;585993.55;4511725.25;40.75199;-73.98132;3.5;269.02;39.91000000000011;9.10999999999997;34.55000000000003;24.790000000000077;16.149999999999995
The Shoreham Hotel;New York;33 West 55th Street;586385.36;4512878.89;40.76234;-73.97652;4.0;174.47;31.400000000000215;12.579999999999957;19.269999999999992;16.579999999999984;2.449999999999999
Soho Garden Hotel;New York;276 Canal Street;584318.76;4508063.39;40.71918;-74.00165;2.5;160.7015;21.78000000000002;3.6899999999999986;11.719999999999981;16.139999999999986;1.5900000000000003
Hampton Inn New York Chelsea;New York;108 W 24th St;585020.48;4510808.08;40.74383;-73.99297;3.0;339.0544;52.19000000000008;7.429999999999986;27.65000000000001;30.240000000000048;9.499999999999996
Candlewood Suites New York City-Times Square;New York;339 W 39th Street;584992.97;4512175.55;40.75615;-73.99311;3.0;237.15;32.31000000000013;15.819999999999943;31.97;30.360000000000067;2.38
Wingate by Wyndham Manhattan Midtown;New York;235 W 35th St;585143.24;4511735.41;40.75217;-73.99139;3.0;237.39;40.21000000000003;20.860000000000078;32.220000000000006;31.04000000000003;3.7799999999999976
United Nations Apartment Hotel;New York;302 E 45th St;586918.54;4511683.86;40.75152;-73.97037;2.5;399.0;20.220000000000013;3.609999999999994;15.46999999999999;13.099999999999982;2.6699999999999995
ONE UN New York;New York;One United Nations Plaza;586969.67;4511572.33;40.75051;-73.96978;4.0;290.19;15.489999999999915;1.2000000000000002;13.259999999999991;10.699999999999983;2.1
Hampton Inn Manhattan/Downtown-Financial District;New York;32 Pearl St;583424.85;4506279.17;40.7032;-74.01247;3.0;208.17;7.4399999999999835;0.18;6.9799999999999995;5.999999999999998;5.299999999999997
Holiday Inn New York City - Wall Street;New York;51 Nassau St.;583704.12;4506912.91;40.70888;-74.00908;3.5;169.0088;17.89999999999999;0.5800000000000002;15.709999999999992;8.439999999999996;6.019999999999998
Pod 51;New York;230 E 51st St;587029.34;4512170.33;40.75589;-73.96899;3.0;150.41;28.12000000000007;3.8899999999999917;17.449999999999996;26.620000000000005;1.6600000000000001
Washington Jefferson Hotel;New York;318 W 51st St;585510.35;4512991.97;40.76345;-73.98687;3.5;259.46;48.420000000000044;15.559999999999963;19.220000000000002;59.089999999999996;2.419999999999999
The Time New York;New York;224 West 49th Street;585646.7;4512734.86;40.76112;-73.98529;4.0;159.45;40.350000000000115;21.3300000000001;28.000000000000018;31.060000000000063;3.2499999999999987
Belnord Hotel;New York;209 West 87th Street;586450.75;4515808.44;40.78872;-73.97534;2.5;150.0278;7.759999999999984;0.7500000000000001;5.009999999999998;3.1099999999999994;0.48000000000000004
Courtyard by Marriott New York Manhattan / Chelsea;New York;135 West 30th Street;585147.67;4511275.83;40.74803;-73.9914;3.5;179.01;45.720000000000006;11.969999999999972;28.890000000000022;26.910000000000053;8.579999999999995
The Moderne;New York;243 W 55th St;585834.05;4513176.68;40.76508;-73.98301;3.5;259.01;31.27000000000015;15.259999999999954;15.829999999999991;30.640000000000043;2.4099999999999993
The Belvedere Hotel;New York;319 W 48th St;585403.92;4512777.58;40.76153;-73.98816;3.5;358.8563;38.640000000000136;16.559999999999995;25.369999999999997;35.370000000000054;3.709999999999999
Gansevoort Park Avenue NYC;New York;420 Park Ave South;585797.18;4510820.36;40.74386;-73.98377;4.5;275.17;63.51999999999989;4.44999999999999;32.62000000000002;32.0100000000001;16.660000000000007
Holiday Inn Express New York City Times Square;New York;343 W 39th Street;584983.63;4512179.88;40.75619;-73.99322;3.0;248.0131;32.220000000000155;15.609999999999948;30.879999999999992;30.06000000000005;2.3699999999999997
West Side YMCA;New York;5 West 63rd Street;586018.25;4513814.98;40.77081;-73.98074;2.0;121.35;14.879999999999951;12.179999999999977;5.579999999999999;7.809999999999988;3.9099999999999975
The Gregory;New York;42 W 35th St;585603.72;4511486.47;40.74988;-73.98597;4.0;259.35;54.21000000000011;9.449999999999973;34.760000000000005;34.86000000000005;5.809999999999998
Park South Hotel;New York;124 E 28th;585859.23;4510712.28;40.74288;-73.98305;4.0;308.9944;55.90999999999993;3.3899999999999957;20.390000000000004;29.650000000000073;19.870000000000022
The Kimpton Muse Hotel;New York;130 W 46th St;585791.69;4512387.93;40.75798;-73.98362;4.5;278.46;43.57999999999997;21.4800000000001;35.93000000000001;35.75000000000003;4.419999999999998
Dylan Hotel NYC;New York;52 E 41st St;586167.53;4511720.61;40.75193;-73.97926;4.0;274.55;38.44000000000009;7.589999999999974;32.84000000000001;22.39000000000003;9.359999999999998
W New York - Downtown;New York;8 Albany Street;583292.86;4506972.68;40.70946;-74.01394;4.5;179.45;11.169999999999952;0.8000000000000003;9.969999999999994;5.509999999999999;4.969999999999998
Hotel 48LEX New York;New York;517 Lexington Avenue;586674.79;4512095.12;40.75525;-73.9732;4.5;339.06;30.96000000000016;6.199999999999982;31.89;17.11;4.34
Comfort Inn Midtown West;New York;548 W 48th Street;584842.48;4513078.65;40.7643;-73.99477;2.5;229.24;14.679999999999946;6.939999999999974;8.219999999999997;22.05000000000001;1.6300000000000001
Hotel Henri by Wyndham;New York;37 W 24th Street;585172.55;4510727.67;40.74309;-73.99118;4.0;251.1326;59.18000000000002;5.809999999999989;26.210000000000004;29.580000000000055;11.609999999999989
Hotel Elysee by Library Hotel Collection;New York;60 E 54th St;586684.58;4512629.25;40.76006;-73.97301;4.0;429.37;27.550000000000136;7.609999999999982;22.490000000000016;17.490000000000016;2.6099999999999994
W New York;New York;541 Lexington Ave;586719.21;4512195.56;40.75615;-73.97266;4.0;149.3;29.850000000000122;6.0599999999999845;24.699999999999996;16.569999999999993;3.55
Duane Street Hotel Tribeca;New York;130 Duane St;583844.65;4507709.41;40.71604;-74.00731;4.0;259.08;20.590000000000025;1.6600000000000008;12.569999999999997;10.42999999999999;2.7099999999999986
Casablanca Hotel by Library Hotel Collection;New York;147 W 43rd St;585632.62;4512199.57;40.7563;-73.98553;4.0;310.3097;47.759999999999884;21.890000000000096;36.24000000000001;33.28000000000006;5.459999999999998
Americana Inn;New York;69 W 38th St;585634.57;4511738.85;40.75215;-73.98557;2.0;114.45;46.939999999999976;13.199999999999957;40.160000000000046;28.280000000000037;6.769999999999998
Warwick New York;New York;65 W 54th St;586238.6;4512868.3;40.76226;-73.97826;4.5;269.04;34.33000000000022;18.060000000000066;20.839999999999993;19.619999999999987;2.6299999999999986
Kimpton Ink48 Hotel;New York;653 11th Avenue;584764.64;4513094.42;40.76445;-73.99569;4.5;440.15;12.999999999999952;6.359999999999976;6.659999999999998;21.100000000000005;1.4200000000000004
Hampton Inn Manhattan/Times Square South;New York;337 West 39th Street;585002.3;4512171.22;40.75611;-73.993;3.0;199.06;32.38000000000014;16.199999999999964;33.570000000000014;30.640000000000057;2.4399999999999995
Carlton Hotel, Autograph Collection;New York;88 Madison Avenue;585652.15;4510875.3;40.74437;-73.98548;4.0;159.38;54.00999999999999;4.859999999999991;26.290000000000003;33.47000000000004;14.700000000000001
Salisbury Hotel;New York;123 W 57th St;586223.45;4513154.56;40.76484;-73.9784;3.0;254.0;26.930000000000135;13.74999999999996;12.909999999999993;15.58999999999998;1.8800000000000006
GEM Hotel - Chelsea, an Ascend Hotel Collection Member;New York;300 W 22nd Street;584504.41;4510894.32;40.74466;-73.99907;3.0;199.0;49.130000000000024;11.559999999999985;15.909999999999986;27.910000000000075;2.669999999999997
The Marcel at Gramercy;New York;201 E 24th St;585923.7;4510322.23;40.73936;-73.98234;4.0;309.04;39.670000000000016;2.7999999999999963;14.829999999999984;27.90000000000005;36.41999999999997
Hilton Garden Inn New York/West 35th Street;New York;63 West 35th Street;585539.97;4511523.49;40.75022;-73.98672;3.0;263.2364;49.710000000000036;11.199999999999974;33.23999999999999;32.91000000000006;5.509999999999997
Iberostar 70 Park Avenue;New York;70 Park Ave;586150.02;4511483.93;40.7498;-73.9795;4.0;314.1253;36.97000000000004;4.559999999999988;37.48000000000001;26.880000000000056;6.6299999999999955
Hyatt Herald Square New York;New York;30 W 31st St;585478.88;4511183.05;40.74716;-73.98749;4.0;319.39;56.25000000000004;6.8799999999999875;32.52999999999999;30.740000000000073;10.389999999999992
Club Quarters Hotel, Wall Street;New York;52 William St;583707.5;4506688.69;40.70686;-74.00907;4.0;259.0887;13.98999999999995;0.49000000000000016;10.249999999999991;10.429999999999994;10.619999999999996
Washington Square Hotel;New York;103 Waverly Pl;584553.89;4509518.22;40.73226;-73.99867;3.5;282.8945;44.500000000000135;4.259999999999991;17.069999999999986;40.489999999999995;3.679999999999997
Renaissance New York Hotel 57;New York;130 East 57th Street;586978.75;4512740.39;40.76103;-73.96951;4.0;259.37;21.80000000000001;5.159999999999988;19.32999999999999;12.609999999999987;1.5900000000000005
36 Hudson Hotel;New York;449 West 36th Street, Midtown West;584610.38;4512114.55;40.75564;-73.99765;3.0;109.6097;18.659999999999968;10.739999999999968;12.949999999999992;17.889999999999986;0.9600000000000002
The Algonquin Hotel Times Square, Autograph Collection;New York;59 W 44th St;585894.05;4512151.53;40.75584;-73.98244;4.0;299.35;40.910000000000096;16.559999999999985;38.09000000000004;28.70000000000008;8.149999999999997
The Library Hotel by Library Hotel Collection;New York;299 Madison Ave;586127.52;4511749.01;40.75219;-73.97973;4.0;399.0207;40.64000000000015;7.879999999999974;50.640000000000036;28.10000000000004;11.959999999999996
Holiday Inn Express New York - Manhattan West Side;New York;538 West 48th Street;584867.96;4513064.51;40.76417;-73.99447;3.0;212.17;15.629999999999946;7.059999999999972;8.559999999999995;22.680000000000014;1.6800000000000002
Hotel 31;New York;120 E 31st St;585975.05;4510919.01;40.74473;-73.98165;2.0;80.1;57.699999999999925;3.1899999999999977;24.379999999999995;26.95000000000008;16.720000000000013
Hotel Belleclaire;New York;250 W 77th St;585962.49;4515127.73;40.78264;-73.98122;3.5;242.4;14.769999999999966;6.649999999999995;6.090000000000001;4.399999999999999;0.3700000000000001
City Club Hotel;New York;55 W 44th St;585906.8;4512143.9;40.75577;-73.98229;4.0;189.44;40.94000000000012;15.87999999999994;37.890000000000065;36.55000000000002;8.219999999999997
Vanderbilt YMCA;New York;224 East 47th Street;586865.39;4511896.4;40.75344;-73.97097;2.0;154.1267;24.85000000000005;4.499999999999993;20.219999999999988;15.159999999999979;4.619999999999998
The Manhattan Club;New York;200 West 56th Street;586006.3;4513172.02;40.76502;-73.98097;4.0;309.0;29.84000000000014;15.409999999999942;15.699999999999987;17.989999999999988;2.3899999999999992
The Benjamin;New York;125 E 50th St;586767.02;4512221.65;40.75638;-73.97209;4.5;353.12;29.690000000000147;5.549999999999986;23.060000000000002;17.259999999999998;3.26
Club Quarters Hotel, World Trade Center;New York;140 Washington St;583292.85;4506973.79;40.70947;-74.01394;4.0;289.47;11.209999999999953;0.8000000000000003;9.969999999999995;5.509999999999999;4.979999999999998
Fitzpatrick Manhattan Hotel;New York;687 Lexington Ave;586996.88;4512706.19;40.76072;-73.9693;4.0;289.49;23.540000000000028;4.949999999999987;19.139999999999997;11.719999999999985;1.5900000000000003
JW Marriott Essex House New York;New York;160 Central Park S;586233.94;4513341.2;40.76652;-73.97825;4.5;314.02;21.270000000000024;12.339999999999966;10.47;11.169999999999984;2.229999999999999
The London NYC;New York;151 W 54th St;586035.56;4512979.18;40.76328;-73.98065;4.5;299.06;32.53000000000015;20.150000000000095;21.000000000000004;20.11000000000002;2.2300000000000004
NH New York Jolly Madison Towers;New York;22 East 38th Street;586038.15;4511520.37;40.75014;-73.98082;3.5;363.0399;39.75000000000008;5.839999999999982;32.67000000000001;23.62000000000004;7.509999999999995
The Milburn Hotel;New York;242 W 76th St;585920.23;4515060.62;40.78204;-73.98173;3.0;159.33;14.279999999999971;8.189999999999994;6.47;4.019999999999997;0.4800000000000002
The Pierre, A Taj Hotel, New York;New York;2 E 61st St;586744.4;4513216.15;40.76534;-73.97222;5.0;489.46;16.44999999999994;5.909999999999983;9.329999999999997;7.189999999999993;1.31
Fitzpatrick Grand Central;New York;141 E 44th St;586572.03;4511786.38;40.75248;-73.97446;4.0;228.43;49.83000000000009;6.659999999999988;33.80000000000001;20.530000000000015;5.659999999999999
New York Inn;New York;765 8th Ave;585452.0;4512634.91;40.76024;-73.98761;2.5;117.5477;45.01000000000002;20.080000000000073;29.56000000000001;46.46999999999999;3.2999999999999985
The Bryant Park Hotel;New York;40 W 40th St;585793.08;4511830.61;40.75296;-73.98368;4.0;245.0384;43.58999999999999;13.259999999999959;35.96999999999999;29.060000000000063;11.099999999999993
Conrad New York;New York;102 North End Avenue;583111.06;4507591.24;40.71505;-74.01601;5.0;269.0617;13.299999999999962;3.1499999999999986;7.229999999999994;3.4299999999999984;2.569999999999999
The SunBright;New York;140 Hester Street;584810.88;4507871.38;40.7174;-73.99585;1.0;162.0;26.42000000000012;2.269999999999999;7.679999999999994;20.430000000000014;1.0000000000000002
Bowery Grand Hotel;New York;143 Bowery;584919.48;4508051.37;40.71901;-73.99454;1.0;45.01;26.890000000000082;2.979999999999995;8.439999999999987;31.070000000000032;0.8000000000000003
Royalton Times Square;New York;44 W 44th St;585917.85;4512137.37;40.75571;-73.98216;4.5;219.0322;40.80000000000012;15.299999999999942;37.56000000000004;28.120000000000076;8.249999999999996
Broadway Plaza Hotel;New York;1155 Broadway;585362.52;4510876.4;40.74441;-73.98891;3.5;239.4;54.200000000000074;6.209999999999988;26.53000000000001;32.39000000000005;12.409999999999997
Off Soho Suites Hotel;New York;11 Rivington St;585075.31;4508310.72;40.72133;-73.99266;2.0;159.15;35.340000000000224;4.4299999999999935;10.279999999999992;45.84000000000004;0.9500000000000004
Hotel 17;New York;225 E 17th St;585732.92;4509805.99;40.73473;-73.98467;2.0;115.16;44.650000000000006;3.2299999999999938;12.069999999999999;31.890000000000043;10.889999999999993
Hotel Mela Times Square;New York;120 W 44th St;585745.4;4512229.74;40.75656;-73.98419;4.0;169.09;46.93999999999992;20.29000000000008;36.220000000000034;35.49000000000003;6.209999999999998
The Court - A St Giles Hotel;New York;130 East 39th Street;586297.08;4511471.2;40.74967;-73.97776;4.0;199.0249;35.90000000000006;3.9599999999999898;27.440000000000037;21.45000000000004;5.680000000000001
The Jane Hotel;New York;113 Jane St;583615.91;4510164.83;40.73818;-74.00969;2.0;122.6779;24.730000000000178;2.1499999999999986;5.8699999999999966;25.439999999999998;0.27
The Roger Smith Hotel;New York;501 Lexington Ave;586638.28;4512041.4;40.75477;-73.97364;3.0;189.61;32.360000000000156;6.509999999999983;41.529999999999994;19.550000000000015;5.13
Hampton Inn Madison Square Garden Area Hotel;New York;116 W 31 Street;585263.04;4511302.69;40.74826;-73.99003;3.0;233.16;60.47000000000006;11.569999999999974;29.95;26.54000000000003;8.859999999999996
Hotel Newton;New York;2528 Broadway;586693.18;4516363.06;40.79369;-73.97239;3.0;159.08;3.5599999999999974;0.6300000000000001;5.630000000000001;1.6000000000000003;0.33999999999999997
Hotel Chandler;New York;12 E 31st St;585683.61;4511075.51;40.74617;-73.98508;4.5;269.1;54.139999999999986;5.349999999999986;30.420000000000016;28.550000000000068;12.459999999999988
Mayfair New York;New York;242 W 49th St;585600.82;4512759.87;40.76135;-73.98583;3.0;149.11;40.98000000000008;20.140000000000114;28.21;34.13000000000004;3.2999999999999994
Hotel Wales;New York;1295 Madison Ave;588104.28;4515416.04;40.78501;-73.9558;3.5;309.61;9.889999999999976;0.9000000000000004;4.39;2.739999999999999;0.11
Courtyard by Marriott New York City Manhattan Midtown East;New York;866 3rd Avenue;586976.62;4512346.24;40.75748;-73.96959;3.5;329.42;26.77000000000007;4.629999999999991;20.709999999999994;18.519999999999996;1.5600000000000003
The Sohotel;New York;341 Broome St;584923.0;4508112.47;40.71956;-73.99449;3.0;257.4;28.38000000000013;3.3099999999999934;8.79999999999999;35.44000000000003;0.7300000000000002
Hilton Manhattan East;New York;304 E 42nd St;586801.13;4511472.65;40.74963;-73.97179;4.0;359.0;19.41000000000001;1.36;14.679999999999993;13.429999999999984;3.2600000000000002
Hotel On Rivington;New York;107 Rivington Street;585471.51;4508159.85;40.71993;-73.98799;4.0;277.01;37.71000000000012;3.5899999999999928;7.559999999999993;80.15999999999997;0.5000000000000001
Comfort Inn Times Square West;New York;343 W 44th St;585181.31;4512536.32;40.75938;-73.99083;2.5;129.1062;38.51000000000009;19.430000000000106;27.330000000000005;40.01000000000001;3.5699999999999985
Days Hotel Broadway;New York;215 W 94th St;586702.28;4516306.54;40.79318;-73.97229;2.5;160.2731;3.8099999999999965;0.23;3.699999999999999;1.4400000000000004;0.36
The Hotel 91;New York;91 E Broadway;585001.38;4507465.0;40.71372;-73.99365;3.0;177.78;12.869999999999937;1.3800000000000006;4.299999999999998;13.099999999999985;3.8199999999999976
Skyline Hotel;New York;725 10th Ave;585067.9;4513075.69;40.76425;-73.9921;3.0;268.8961;21.549999999999986;8.64999999999997;11.339999999999996;26.85000000000003;2.27
Best Western Bowery Hanbee Hotel;New York;231 Grand St;584859.19;4508005.16;40.7186;-73.99526;3.0;203.32;27.090000000000085;2.9199999999999955;8.23999999999999;26.520000000000028;0.9800000000000003
Courtyard by Marriott New York Manhattan/Times Square;New York;114 W 40th St;585597.7;4511933.82;40.75391;-73.98598;3.5;169.03;46.88000000000013;16.31999999999999;41.00000000000001;35.57000000000003;6.779999999999996
New York Marriott Downtown;New York;85 West St;583224.9;4507006.33;40.70977;-74.01474;4.0;244.01;9.349999999999957;0.6900000000000002;8.919999999999993;4.879999999999996;4.569999999999999
Gatsby Hotel  an Ascend Hotel Collection Member;New York;135 E Houston St;585273.75;4508536.15;40.72334;-73.99028;3.0;219.48;39.39000000000015;5.5799999999999885;10.569999999999986;51.75000000000004;1.0200000000000002
The Michelangelo Hotel;New York;152 W 51st St;585868.85;4512796.28;40.76165;-73.98265;4.5;379.34;37.19000000000017;21.17000000000012;26.770000000000003;23.690000000000015;3.459999999999999
Eurostars Wall Street;New York;129 Front Street A;583936.78;4506510.32;40.70523;-74.00638;4.0;230.17;9.429999999999977;0.29000000000000004;7.14;6.409999999999996;5.479999999999997
Fifty NYC-an Affinia hotel;New York;155 E 50th St;586852.85;4512173.81;40.75594;-73.97108;4.0;179.56;32.28000000000012;4.8499999999999925;20.939999999999994;17.53;2.899999999999999
Courtyard by Marriott New York Manhattan/Upper East Side;New York;410 E 92nd St;588947.45;4514913.2;40.78039;-73.94588;3.5;229.0411;8.369999999999978;0.38;6.449999999999999;5.8299999999999965;0.18000000000000002
The Carlyle, A Rosewood Hotel;New York;35 E 76th St;587478.35;4514253.97;40.77461;-73.96338;5.0;730.03;8.559999999999977;2.079999999999999;3.82;4.319999999999997;0.45000000000000007
Magnuson Convention Center Hotel;New York;522 W 38th St;584534.45;4512332.4;40.75761;-73.99852;3.0;220.35;14.629999999999935;8.889999999999974;10.559999999999993;16.82999999999999;0.7200000000000002
Hotel Metro;New York;45 W 35th St;585591.81;4511494.11;40.74995;-73.98611;3.0;359.3;53.120000000000076;9.689999999999973;34.46000000000001;33.38000000000005;5.739999999999997
Four Points by Sheraton Manhattan - Chelsea;New York;160 W 25th St;584921.77;4510947.94;40.7451;-73.99412;3.0;374.78;54.74999999999999;7.999999999999982;25.32000000000001;32.610000000000056;8.829999999999993
Wyndham Midtown 45 at New York City;New York;205 E 45th St;586730.68;4511792.68;40.75252;-73.97258;3.0;233.21;37.63000000000004;6.659999999999991;24.660000000000004;23.27000000000003;5.089999999999998
Avalon Hotel;New York;16 E 32nd Street;585733.55;4511138.26;40.74673;-73.98448;4.0;224.44;58.020000000000024;5.429999999999986;33.770000000000024;28.790000000000067;12.89999999999999
Clarion Hotel Park Avenue;New York;429 Park Ave S;585829.71;4510855.15;40.74417;-73.98338;2.5;219.0;64.38999999999997;4.529999999999991;28.31000000000002;34.58000000000008;15.969999999999995
San Carlos Hotel;New York;150 E 50th St;586830.74;4512187.98;40.75607;-73.97134;4.5;309.41;35.650000000000055;5.089999999999988;21.389999999999997;19.270000000000003;2.92
Gramercy Park Hotel;New York;2 Lexington Ave;585658.02;4510221.45;40.73848;-73.9855;5.0;329.0;56.23999999999999;3.3999999999999924;17.479999999999986;27.510000000000023;23.190000000000015
Gild Hall, A Thompson Hotel;New York;15 Gold Street;583871.7;4506811.56;40.70795;-74.00711;4.5;408.561;19.47000000000003;0.44000000000000017;12.129999999999992;9.559999999999992;6.589999999999998
W New York - Union Square;New York;201 Park Ave S;585365.84;4510001.59;40.73653;-73.98899;4.5;433.8948;63.49999999999991;4.81999999999999;20.150000000000027;43.16999999999998;13.869999999999989
The Surrey;New York;20 E 76th St;587437.15;4514240.16;40.77449;-73.96387;5.0;595.0;11.639999999999965;2.0599999999999996;3.5799999999999987;4.099999999999997;0.45000000000000007
Hotel 309;New York;309 W 14th St;584198.96;4510355.72;40.73984;-74.00276;2.0;109.12;48.88000000000004;3.119999999999993;20.839999999999993;38.44000000000001;2.4599999999999995
Fairfield Inn & Suites by Marriott New York ManhattanChelsea;New York;116 W 28th St;585154.84;4511092.73;40.74638;-73.99134;3.0;196.9329;46.35000000000004;8.029999999999982;26.629999999999992;28.16000000000005;9.009999999999994
Aloft Harlem;New York;2296 Frederick Douglass Boulevard;588406.29;4518106.43;40.80921;-73.95184;3.5;234.0491;3.3299999999999983;1.9000000000000001;2.11;1.31;0.6100000000000001
Hotel 373 Fifth Avenue;New York;373 5th Ave;585768.39;4511410.66;40.74918;-73.98403;3.0;179.0094;51.590000000000025;8.45999999999998;54.73000000000005;34.83;10.87
Morgans;New York;237 Madison Ave;585990.31;4511495.39;40.74992;-73.98139;4.0;228.06;54.9800000000001;6.099999999999983;33.73000000000001;25.33000000000005;7.339999999999996
Hotel Giraffe by Library Hotel Collection;New York;365 Park Ave S;585704.83;4510628.33;40.74214;-73.98489;4.0;269.046;58.260000000000026;3.619999999999995;21.930000000000014;30.16000000000006;23.960000000000015
Radisson Martinique on Broadway;New York;49 W 32nd St;585436.18;4511298.02;40.7482;-73.98798;3.5;245.07;60.18000000000003;9.889999999999977;32.30000000000001;30.580000000000062;9.690000000000001
Hotel Plaza Athenee;New York;37 E 64th St;587062.03;4513339.79;40.76642;-73.96844;5.0;548.37;11.719999999999951;3.6299999999999937;6.4999999999999964;3.5899999999999976;1.05
The Lowell;New York;28 East 63rd Street;587007.04;4513278.08;40.76587;-73.9691;5.0;795.46;11.909999999999949;4.179999999999991;6.8299999999999965;5.229999999999996;1.11
Econo Lodge Times Square;New York;302 W 47th St;585427.93;4512672.38;40.76058;-73.98789;2.5;169.02;40.9000000000001;20.37000000000006;28.100000000000012;40.01999999999999;3.3499999999999988
Seaport Inn;New York;33 Peck Slip;584342.24;4506814.67;40.70793;-74.00154;3.0;319.42;12.309999999999949;0.18000000000000002;7.619999999999996;11.309999999999992;7.019999999999996
Hampton Inn Manhattan-Seaport-Financial District;New York;320 Pearl Street;584281.75;4506933.88;40.70901;-74.00224;3.0;143.0394;12.459999999999948;0.3600000000000001;8.779999999999994;7.729999999999995;5.689999999999998
Manhattan Broadway Budget Hotel;New York;273 W 38th St;585155.41;4511998.67;40.75454;-73.99121;2.0;145.43;37.68000000000013;20.49000000000009;36.40999999999999;26.650000000000027;3.8099999999999987
the Quin;New York;101 West 57th Street at Sixth Avenue;586336.45;4513091.48;40.76426;-73.97707;5.0;279.0433;29.4200000000002;12.679999999999964;14.989999999999993;15.289999999999976;1.8000000000000003
Holiday Inn NYC - Lower East Side;New York;150 Delancey St;585605.68;4507952.67;40.71805;-73.98643;4.0;178.33;19.76000000000001;2.7099999999999946;4.7299999999999995;31.450000000000017;0.27
New World Hotel;New York;101 Bowery;584860.47;4507893.04;40.71759;-73.99526;1.5;50.01;25.83000000000007;2.4199999999999977;7.659999999999994;22.05000000000001;0.9700000000000003
Blue Moon Boutique Hotel;New York;100 Orchard St;585302.6;4508010.24;40.7186;-73.99001;3.0;55.2394;34.68000000000015;2.819999999999994;10.189999999999992;51.65000000000004;0.33
Windsor Hotel;New York;108 Forsyth St;585076.08;4508022.08;40.71873;-73.99269;2.0;194.4955;26.680000000000135;2.929999999999993;7.859999999999993;32.94000000000004;0.3600000000000001
New York Marriott East Side;New York;525 Lexington Ave;586687.09;4512126.35;40.75553;-73.97305;4.0;188.35;30.02000000000014;6.079999999999983;29.299999999999997;17.050000000000004;4.05
Smyth, A Thompson Hotel;New York;85 West Broadway;583666.58;4507619.69;40.71525;-74.00943;5.0;475.23;19.570000000000018;1.4900000000000007;18.26;24.48000000000003;2.7699999999999987
Comfort Inn Manhattan Bridge;New York;61-63 Chrystie Street;584912.44;4507780.4;40.71657;-73.99466;2.5;199.0;20.94000000000004;1.940000000000001;6.099999999999995;19.160000000000025;0.8000000000000002
The Peninsula New York;New York;700 Fifth Avenue at 55th street;586522.99;4512803.89;40.76165;-73.9749;5.0;795.21;25.360000000000127;9.979999999999972;20.630000000000003;15.409999999999975;2.7199999999999993
Best Western Plus Hospitality House;New York;145 E 49th Street;586762.14;4512133.89;40.75559;-73.97216;3.0;690.0963;33.39000000000007;5.369999999999988;25.389999999999997;16.749999999999996;3.6799999999999993
Hotel Boutique at Grand Central;New York;447 Lexington Avenue;586541.64;4511858.19;40.75313;-73.97481;4.0;258.8951;39.02000000000004;6.6099999999999834;39.53000000000004;19.65000000000003;6.379999999999996
Night Hotel Theater District, Times Square;New York;132 West 45th Street;585754.52;4512317.55;40.75735;-73.98407;4.0;449.04;43.07000000000002;21.02000000000008;36.58000000000003;53.52;4.9499999999999975
Renaissance New York Times Square Hotel;New York;714 7th Ave;585732.11;4512575.98;40.75968;-73.9843;4.0;529.18;47.69000000000011;21.71000000000012;32.02999999999999;31.960000000000033;3.5399999999999987
The Plaza Hotel;New York;Fifth Avenue at Central Park South;586605.72;4513092.4;40.76424;-73.97388;5.0;725.17;30.420000000000023;8.019999999999973;12.949999999999994;10.249999999999979;1.75
Club Quarters Hotel, Midtown;New York;40 W 45th St;585999.23;4512181.61;40.7561;-73.98119;4.0;279.23;44.599999999999945;14.83999999999994;35.540000000000006;25.09000000000006;6.7899999999999965
Cosmopolitan Hotel - Tribeca;New York;95 West Broadway (at Chambers);583680.62;4507648.71;40.71551;-74.00926;3.0;389.0567;19.800000000000026;1.5100000000000007;22.58000000000001;14.519999999999994;2.7299999999999986
The Ritz-Carlton New York, Battery Park;New York;2 West St;583020.96;4506507.79;40.7053;-74.01722;5.0;365.3;4.079999999999991;0.21999999999999997;4.699999999999998;2.589999999999999;3.459999999999999
Fairfield Inn & Suites New York Manhattan/Downtown East;New York;95 Henry St;585068.85;4507400.27;40.71313;-73.99286;2.5;197.16;10.309999999999953;1.0500000000000003;3.3499999999999974;10.92999999999999;3.8499999999999988
RIFF Chelsea;New York;300 W 30th St;584785.78;4511468.19;40.7498;-73.99566;2.0;167.83;37.03000000000007;14.879999999999969;19.610000000000007;23.77000000000002;1.8200000000000003
Carvi Hotel New York;New York;152 E 55th St;587003.83;4512545.29;40.75927;-73.96924;3.0;99.44;30.100000000000133;4.559999999999989;21.110000000000007;13.639999999999983;1.6100000000000005
Seton Hotel;New York;144 E 40th Street;586429.51;4511482.74;40.74976;-73.97619;3.0;380.24;33.990000000000045;2.02;27.28000000000003;26.50000000000005;4.85
The Sherry Netherland;New York;781 5th Ave;586692.28;4513125.61;40.76453;-73.97285;4.5;529.31;20.58000000000003;6.929999999999974;11.329999999999993;9.459999999999981;1.5900000000000005
The MAve nyc;New York;62 Madison Avenue;585599.27;4510774.77;40.74347;-73.98612;3.0;404.07;59.97000000000004;4.809999999999991;25.599999999999994;31.04000000000006;16.159999999999997
Hilton Club New York;New York;1335 Avenue of the Americas;586190.7;4512849.97;40.7621;-73.97883;4.0;360.05;36.96000000000018;19.70000000000008;22.050000000000015;19.85999999999999;3.129999999999999
Harlem Bed and Breakfast;New York;54 West 120th Street;588863.63;4517534.58;40.80401;-73.9465;1.5;165.0;3.1599999999999966;0.12;2.229999999999999;1.1700000000000002;0.09999999999999999
The Chatwal, a Luxury Collection Hotel, New York City;New York;130 W. 44th Street;585723.3;4512242.81;40.75668;-73.98445;5.0;695.39;51.34999999999995;20.500000000000075;36.06000000000001;38.55999999999998;5.799999999999998
Room Mate Grace Boutique Hotel;New York;125 W 45th St;585766.41;4512311.03;40.75729;-73.98393;3.5;229.03;42.98000000000001;20.750000000000078;36.14000000000002;61.52999999999999;5.069999999999997
Four Seasons Hotel New York;New York;57 E 57th Street;586802.8;4512842.69;40.76197;-73.97158;5.0;4060.209;21.60000000000003;6.089999999999981;16.92000000000001;12.289999999999985;1.9700000000000006
Carlton Arms Hotel;New York;160 East 25th Street;585898.89;4510422.97;40.74027;-73.98262;2.0;120.49;43.33000000000005;3.0199999999999956;15.899999999999988;30.900000000000077;59.699999999999996
The Solita Soho Hotel, an Ascend Hotel Collection Member;New York;159 Grand St;584551.82;4508143.76;40.71988;-73.99888;3.0;149.01;27.84000000000013;3.069999999999997;11.839999999999984;25.820000000000018;1.2000000000000004
Mandarin Oriental, New York;New York;80 Columbus Circle at 60th Street;585843.95;4513633.1;40.76919;-73.98283;5.0;694.7334;21.220000000000017;12.509999999999973;10.809999999999993;12.679999999999986;7.269999999999998
Upper West Side Brownstone;New York;110 West 81st Street;586473.5;4515233.6;40.78354;-73.97515;3.0;290.0;12.37999999999997;4.369999999999994;5.809999999999999;4.709999999999996;0.4800000000000001
Allies' Inn Bed and Breakfast;New York;313 West 136th Street;588822.01;4519032.92;40.81751;-73.94678;3.0;215.0;1.2800000000000007;0.41000000000000003;0.36;0.24;0.8200000000000001
Hotel Five44;New York;544 West 48 St;584868.81;4513064.52;40.76417;-73.99446;3.0;172.22;15.669999999999947;7.069999999999972;8.649999999999995;22.670000000000016;1.6800000000000002
Fairfield Inn by Marriott New York Manhattan/Fifth Avenue;New York;21 W 37th St;585688.27;4511621.79;40.75109;-73.98495;3.0;188.0321;44.400000000000055;12.079999999999965;34.20000000000001;29.660000000000036;6.729999999999997
The Towers at Lotte New York Palace;New York;455 Madison Avenue;586488.71;4512413.8;40.75814;-73.97536;5.0;476.9539;29.960000000000207;9.719999999999969;26.460000000000004;16.609999999999978;3.069999999999999
West 57th Street by Hilton Club;New York;102 West 57th Street;586276.18;4513120.75;40.76453;-73.97778;4.0;360.31;27.260000000000137;13.739999999999954;14.61;15.689999999999982;1.6900000000000004
The Towers of the Waldorf Astoria New York;New York;100 E 50th St;586659.98;4512279.24;40.75691;-73.97335;5.0;1099.0;28.12000000000012;6.929999999999976;24.919999999999998;16.199999999999978;3.1999999999999993
Trump International Hotel & Tower New York;New York;1 Central Park W;585977.48;4513619.1;40.76905;-73.98125;5.0;476.1801;21.000000000000014;11.61999999999997;8.989999999999997;11.659999999999984;4.549999999999997
The Ritz-Carlton New York, Central Park;New York;50 Central Park S;586434.42;4513232.51;40.76552;-73.97589;5.0;695.0901;20.360000000000017;8.94999999999997;11.249999999999991;11.009999999999971;1.9400000000000004
Hilton Garden Inn New York/Central Park South-Midtown West;New York;237 West 54th Street;585822.36;4513092.17;40.76432;-73.98316;3.5;279.01;33.86000000000012;18.53000000000003;19.889999999999997;29.010000000000023;2.459999999999999
Hotel 32 32;New York;32 E 32nd Street;585829.62;4511081.64;40.74621;-73.98335;4.0;255.17;52.37000000000008;5.329999999999993;32.400000000000006;27.720000000000034;13.539999999999988
The High Line Hotel;New York;180 Tenth Avenue;583976.6;4511050.41;40.74612;-74.0053;4.0;229.0;27.910000000000135;4.309999999999985;5.039999999999997;19.260000000000016;1.1100000000000003
Hilton Garden Inn New York/Midtown Park Ave;New York;45 E 33rd St;585907.55;4511132.5;40.74666;-73.98242;3.5;438.8885;50.26000000000007;6.849999999999994;42.70000000000002;25.36000000000005;14.109999999999994
The St. Regis New York;New York;Two East 55th St;586556.1;4512787.62;40.7615;-73.97451;5.0;743.34;24.860000000000106;9.429999999999975;21.47000000000001;15.139999999999977;2.6399999999999992
The Mark;New York;Madison Ave at 77th Street;587473.42;4514313.87;40.77515;-73.96343;5.0;518.47;8.74999999999998;1.8300000000000007;3.4999999999999996;4.199999999999997;0.4800000000000001
Hilton Garden Inn New York-Times Square Central;New York;136 West 42nd Street;585626.95;4512106.25;40.75546;-73.98561;3.5;269.15;47.89000000000009;19.51000000000008;38.01999999999999;31.230000000000082;6.139999999999998
Hilton Garden Inn New York/Manhattan-Midtown East;New York;206 East 52nd Street;587001.94;4512275.48;40.75684;-73.9693;3.5;233.1678;26.30000000000004;4.29999999999999;17.97999999999999;22.040000000000013;1.5900000000000003
Park Hyatt New York;New York;153 West 57th Street;586162.28;4513188.26;40.76515;-73.97912;5.0;725.1063;27.37000000000012;13.689999999999959;14.459999999999997;15.729999999999988;2.1700000000000004
Langham Place, New York, Fifth Avenue;New York;400 Fifth Avenue;585822.94;4511512.33;40.75009;-73.98337;5.0;695.18;45.53000000000009;8.53999999999998;34.610000000000014;33.33000000000004;7.479999999999995
citizenM New York Times Square;New York;218 West 50th Street;585686.44;4512801.93;40.76172;-73.98481;4.0;201.5536;40.27000000000008;20.000000000000085;27.070000000000018;29.270000000000035;3.409999999999999
Courtyard by Marriott New York Manhattan / Central Park;New York;1717 Broadway;585881.59;4513080.64;40.76421;-73.98246;3.5;180.01;32.520000000000145;18.010000000000044;24.490000000000006;25.01000000000001;2.419999999999999
Hotel Beacon;New York;2130 Broadway at 75th Street;585958.17;4514917.84;40.78075;-73.9813;4.0;278.8971;25.43000000000004;14.809999999999993;19.35;4.4499999999999975;0.5400000000000001
Archer Hotel New York;New York;45 West 38th St;585693.19;4511707.33;40.75186;-73.98488;4.5;319.47;44.53000000000007;12.659999999999963;35.62000000000004;29.520000000000074;7.229999999999998
Homewood Suites New York/Midtown Manhattan Times Square;New York;312 West 37th Street;585003.57;4511986.94;40.75445;-73.99301;3.5;251.1;33.01000000000012;18.53000000000005;29.53999999999999;26.77000000000003;2.6999999999999993
The Lex NYC;New York;67 Lexington Avenue;585760.55;4510410.26;40.74017;-73.98426;3.5;229.1306;48.67000000000006;3.859999999999994;19.449999999999996;26.750000000000057;100.03000000000003
Life Hotel Nomad;New York;19 West 31st Street;585509.43;4511170.08;40.74704;-73.98713;4.0;397.171;57.62000000000002;6.619999999999987;33.120000000000005;33.28000000000006;10.679999999999993
Chelsea Inn;New York;46 W 17th St;584902.71;4510252.73;40.73884;-73.99444;3.0;154.88;59.43000000000013;4.429999999999989;20.219999999999995;39.43999999999999;12.069999999999993
Hotel Hugo;New York;525 Greenwich Street;583683.75;4508867.76;40.72649;-74.00906;4.5;318.7251;14.769999999999921;1.890000000000001;8.159999999999991;17.400000000000002;0.36000000000000004
East Village Hotel;New York;147 1st Ave;585706.59;4509088.48;40.72827;-73.98508;3.0;199.34;48.67000000000007;4.539999999999994;17.24999999999999;50.26;2.409999999999998
Royal Park Hotel and Hostel;New York;258 West 97th Street;586709.11;4516587.51;40.79571;-73.97217;2.5;109.41;3.5199999999999974;0.15;1.9100000000000004;1.4800000000000004;0.26
Hampton Inn Manhattan/Times Square Central;New York;220 West 41st St.;585375.78;4512143.32;40.75582;-73.98858;3.5;199.34;43.58000000000014;30.810000000000144;43.29000000000003;30.02000000000009;4.179999999999998
Holiday Inn New York City - Times Square;New York;585 8th Ave;585140.44;4512051.79;40.75502;-73.99138;3.5;143.68;36.570000000000086;20.76000000000008;39.54;29.200000000000035;3.1899999999999995
Hotel Shocard at Times Square;New York;206 West 41st Street;585429.33;4512111.74;40.75553;-73.98795;3.0;169.14;45.17000000000009;26.000000000000153;39.22;30.440000000000087;4.509999999999998
Cambria hotel & suites New York - Times Square;New York;30 W 46th St;586057.57;4512246.68;40.75668;-73.98049;3.0;229.45;43.36;15.619999999999942;34.589999999999996;23.500000000000057;5.689999999999997
The Knickerbocker Hotel;New York;6 Times Square;585571.71;4512137.81;40.75575;-73.98626;5.0;335.32;49.53000000000008;21.700000000000106;38.33000000000001;31.24000000000009;5.339999999999998
Harlem YMCA;New York;180 West 135th Street;589157.7;4518753.85;40.81496;-73.94284;2.0;118.17;2.1199999999999997;0.88;1.4600000000000002;0.27;0.5800000000000001
Executive Hotel Le Soleil New York;New York;38 W 36th St;585652.82;4511548.1;40.75043;-73.98538;4.0;249.0;57.690000000000055;9.919999999999964;34.44000000000001;35.35000000000004;6.179999999999998
EVEN Hotel Times Square South;New York;321 West 35th Street;584918.1;4511857.17;40.75329;-73.99404;4.0;279.43;33.230000000000054;26.930000000000117;26.98999999999999;24.57000000000002;2.4800000000000004
Renaissance New York Midtown Hotel;New York;218 West 35th Street;585184.86;4511713.68;40.75197;-73.9909;4.0;189.31;39.83000000000003;19.84000000000008;34.040000000000006;31.520000000000056;3.919999999999998
RIU Plaza New York Times Square;New York;305 West, 46th Street;585373.73;4512614.03;40.76006;-73.98854;4.0;491.27;40.960000000000115;19.930000000000096;26.450000000000014;36.94000000000006;3.5199999999999982
InterContinental New York Barclay;New York;111 East 48th Street;586629.82;4512114.58;40.75543;-73.97373;4.5;380.0196;31.880000000000162;6.529999999999982;34.809999999999995;17.08;4.229999999999999
INNSIDE New York NoMad;New York;132 West 27th Street;585036.06;4511069.16;40.74618;-73.99275;4.5;309.0489;45.970000000000034;8.979999999999979;25.629999999999995;29.800000000000068;7.969999999999997
Baccarat Hotel and Residences New York;New York;28 West 53rd Street;586331.45;4512723.94;40.76095;-73.97718;5.0;800.0;33.72000000000015;18.84000000000008;22.930000000000007;20.320000000000025;2.8099999999999987
The Marmara Park Avenue;New York;114 East 32nd Street;585976.05;4510977.86;40.74526;-73.98163;5.0;405.71;51.85999999999995;3.5299999999999967;28.1;26.77000000000008;17.290000000000013
The Paul, an Ascend Hotel Collection Member;New York;32 West 29th Street;585346.69;4511077.17;40.74622;-73.98907;4.0;199.02;51.81000000000006;6.859999999999988;31.72000000000001;27.370000000000072;9.919999999999995
Safehouse Suites Manhattan;New York;1600 Broadway;585699.99;4512652.21;40.76037;-73.98467;5.0;5990.25;42.3900000000001;21.040000000000116;30.860000000000014;30.07000000000005;3.3099999999999983
Cambria hotel & suites New York - Chelsea;New York;123 W. 28th Street;585123.4;4511110.13;40.74654;-73.99171;3.0;328.8777;46.96000000000004;8.25999999999998;26.250000000000014;28.960000000000036;8.899999999999997
NYC Vacation Suites;New York;Various Addresses;588464.96;4516093.15;40.79107;-73.95143;3.5;450.0;2.8499999999999943;0.4;1.1200000000000003;1.07;0.26
Fairfield Inn New York Manhattan/Financial District;New York;161 Front Street;584037.16;4506599.16;40.70602;-74.00518;3.0;158.02;11.839999999999973;0.44000000000000017;7.769999999999997;6.769999999999995;5.539999999999997
Vacayo Premium East Side Apartments;New York;Various Addresses;585291.58;4508601.86;40.72393;-73.99006;4.0;346.6;39.77000000000015;4.719999999999989;11.029999999999987;55.21000000000003;1.0700000000000003
NobleDEN Hotel;New York;196 Grand Street;584721.65;4508065.76;40.71916;-73.99688;4.0;283.8004;45.74000000000004;2.7399999999999975;11.96999999999999;28.63000000000002;1.0800000000000003
Orchard Street Hotel;New York;163 Orchard Street;585409.23;4508286.8;40.72108;-73.98871;3.0;399.0;43.43000000000015;5.919999999999988;9.159999999999993;58.70000000000004;1.1200000000000003
Upper East Side Apartments;New York;1593 Second Ave;588030.98;4514483.68;40.77662;-73.9568;3.0;599.0;18.619999999999983;1.3300000000000003;8.559999999999995;11.119999999999992;0.14
1 Hotel Central Park;New York;1414 Avenue of the Americas;586354.28;4513154.97;40.76483;-73.97685;5.0;613.04;23.91000000000009;11.969999999999965;15.979999999999999;13.379999999999974;1.7100000000000004
Arlo Hudson Square;New York;231 Hudson Square;583789.61;4508619.16;40.72424;-74.00784;4.0;179.0;16.599999999999923;2.08;7.109999999999992;14.64999999999999;0.54
The New York EDITION;New York;5 Madison Avenue;585477.83;4510542.45;40.74139;-73.98759;5.0;697.03;75.09000000000034;3.2999999999999927;25.330000000000005;26.930000000000053;18.820000000000004
The Bowery Suites;New York;26 Vandam St;584096.34;4508831.35;40.72612;-74.00418;4.0;406.0;25.390000000000107;2.929999999999995;12.759999999999991;24.440000000000012;1.1200000000000003
Hotel Cliff;New York;505 W 181st Street;590078.09;4522478.81;40.84841;-73.93139;2.5;178.0074;1.0500000000000005;0.03;0.93;0.54;3.7099999999999995
Comfort Inn Lower East Side;New York;154 Madison Street;585079.95;4507317.14;40.71238;-73.99274;3.0;199.0;8.419999999999957;0.9400000000000004;3.0599999999999983;9.129999999999988;4.209999999999998
Hotel Indigo Lower East Side New York;New York;171 Ludlow Street;585510.58;4508361.25;40.72174;-73.9875;4.5;324.7217;41.060000000000116;4.989999999999991;8.139999999999992;100.01000000000012;0.8600000000000003
Residence Inn Marriott New York Downtown Manhattan/WTC Area;New York;170 Broadway;583617.83;4506998.54;40.70966;-74.01009;3.5;179.02;15.189999999999943;0.8200000000000004;35.37;8.819999999999993;5.429999999999997
Midtown West Vacation Rentals;New York;Various Addresses;588684.92;4515974.77;40.78998;-73.94884;3.0;249.205;5.53999999999999;0.24000000000000002;1.6300000000000001;1.2;0.29
Edge Hotel;New York;514 W. 168th St.;589552.98;4521564.23;40.84023;-73.93775;3.5;239.3;1.4200000000000008;0.01;0.8100000000000002;0.15;0.26
Q&A Residential Hotel;New York;70 Pine Street;583810.43;4506626.57;40.70629;-74.00786;4.0;239.0394;13.789999999999958;0.47000000000000014;9.109999999999994;7.909999999999994;6.8199999999999985
Holiday Inn Manhattan-Financial District;New York;99 Washington St;583258.79;4506846.84;40.70833;-74.01436;4.0;123.9754;9.879999999999958;0.5400000000000003;8.89;6.849999999999998;5.119999999999998
Aloft Manhattan Downtown - Financial District;New York;49-53 Ann Street;583896.6;4507074.96;40.71032;-74.00678;3.0;262.59;19.109999999999996;0.7500000000000004;17.25;9.059999999999986;7.0399999999999965
RIFF Downtown;New York;102 Greenwich Street;583337.34;4506848.83;40.70834;-74.01343;3.0;149.12;10.709999999999953;0.6200000000000001;11.039999999999994;5.9199999999999955;5.529999999999998
Jet Luxury at the Trump SoHo;New York;246 Spring Street;583988.87;4508774.62;40.72562;-74.00546;5.0;483.11;21.56000000000001;2.4999999999999973;18.610000000000028;23.16000000000001;1.0200000000000002
The Central Park North;New York;137 W 111th street;588279.2;4517022.42;40.79946;-73.9535;2.5;144.6204;2.7499999999999982;0.15;1.3100000000000003;1.4200000000000004;0.41
Morningside Inn;New York;235 W 107th St.;587160.96;4517265.63;40.80177;-73.96672;2.0;150.34;6.2399999999999975;0.14;4.1;5.61;0.5300000000000001
Beautiful Studio Near Central Park;New York;244 East 71st Street;587837.8;4513551.01;40.76824;-73.95922;3.0;180.44;9.69999999999996;0.7500000000000002;5.889999999999999;6.049999999999997;0.56
Fairfield Inn & Suites New York Manhattan / Central Park;New York;538 W 58th St;585264.19;4513769.62;40.77048;-73.98968;3.0;169.04;10.279999999999959;10.649999999999979;3.6499999999999986;8.619999999999989;3.049999999999998
Vacayo Affordable East Side Apartments;New York;Various Addresses;585873.25;4508918.33;40.72672;-73.98313;3.5;269.92;43.86000000000005;3.2499999999999947;9.429999999999993;53.89000000000003;0.8100000000000003
Vacayo Affordable West Side Apartments;New York;Various Addresses;583964.47;4507348.84;40.71278;-74.00594;3.5;244.69;15.449999999999926;1.1200000000000006;13.779999999999987;8.919999999999993;7.259999999999997
3 West Club;New York;3 W 51st Street;586323.82;4512581.74;40.75967;-73.97729;3.5;249.33;34.50000000000015;18.66000000000009;27.099999999999994;19.750000000000014;3.069999999999999
The Melva Inn - Harlem;New York;68 West 120 Street;588833.91;4517550.88;40.80416;-73.94685;2.5;119.098;3.229999999999997;0.14;2.2799999999999994;1.1600000000000001;0.09
Bryant Park Studio Apartment next to Times Square;New York;West 38th Street and 6th Avenue;585607.38;4511754.08;40.75229;-73.98589;3.0;178.936;47.91000000000003;13.579999999999963;53.46000000000003;28.240000000000048;6.309999999999995
Courtyard New York Downtown Manhattan/World Trade Center;New York;133 Greenwich Street;583373.14;4506971.36;40.70944;-74.01299;3.0;175.06;10.93999999999996;0.8700000000000003;11.809999999999992;10.119999999999992;5.219999999999998
Central Park West Hostel;New York;201 W 87th Street;586494.07;4515784.52;40.7885;-73.97483;2.0;31.0;9.169999999999979;0.7600000000000001;5.039999999999998;3.53;0.45
EVEN Hotel New York- Midtown East;New York;221 East 44th Street;586736.86;4511697.27;40.75166;-73.97252;4.0;189.44;30.05000000000017;4.789999999999995;21.71999999999999;18.190000000000015;4.4899999999999975
HGU New York;New York;34 East 32nd Street;585843.15;4511079.57;40.74619;-73.98319;4.0;279.45;52.65000000000006;5.459999999999993;32.8;27.540000000000042;13.589999999999991
Heritage Hotel;New York;18 West 25th Street;585272.65;4510761.02;40.74338;-73.98999;2.5;129.0155;60.39000000000002;5.259999999999989;25.670000000000005;31.010000000000062;12.459999999999994
Hyatt House New York/Chelsea;New York;815 Ave of the Americas;585233.6;4511072.54;40.74619;-73.99041;3.5;394.0;48.150000000000034;7.419999999999986;27.88000000000001;26.99000000000005;9.389999999999995
Green Holidays Apartments;New York;38 West 31st Street;585456.75;4511198.34;40.7473;-73.98775;3.5;270.0395;55.060000000000045;7.099999999999985;32.269999999999996;30.220000000000088;10.189999999999996
Sago Hotel;New York;120 Allen Street;585296.35;4508113.42;40.71953;-73.99007;4.0;333.97;31.660000000000206;3.1099999999999923;12.57;48.090000000000025;0.38000000000000006
Executive Class at MTS Hotel;New York;790 7th Ave.;585867.63;4512828.46;40.76194;-73.98266;4.0;255.0;36.12000000000018;20.770000000000113;25.9;23.670000000000023;3.4799999999999986
Cozy Studio;New York;250 East 50th Street;587042.32;4512071.67;40.755;-73.96885;3.5;182.1747;27.650000000000023;3.519999999999996;30.17000000000002;24.370000000000015;1.7
Beautiful 1 Bedroom Apartment;New York;953 Columbus Avenue;587525.51;4517044.55;40.79974;-73.96243;3.5;150.31;4.869999999999995;0.12;2.2;4.429999999999999;0.3400000000000001
New York Guest Suites;New York;135 West 28th Street;585086.01;4511130.79;40.74673;-73.99215;3.0;105.0;45.32000000000005;8.599999999999978;26.80000000000003;27.750000000000057;8.529999999999996
Four Seasons New York Downtown;New York;27 Barclay St;583680.11;4507318.98;40.71254;-74.00931;5.0;579.16;15.849999999999934;1.1400000000000001;16.770000000000017;10.029999999999996;5.109999999999998
Four Points By Sheraton New York Downtown;New York;6 Platt St;583944.94;4506760.21;40.70748;-74.00625;3.5;214.46;17.820000000000004;0.41000000000000014;10.86;9.709999999999992;6.179999999999997
The Park Ave North;New York;65 East 129th Street;589605.05;4517964.32;40.8078;-73.93765;3.0;205.7794;2.1999999999999993;0.21000000000000005;1.58;0.5;0.5100000000000001
Arlo NoMad;New York;11 East 31st Street;585680.21;4511077.69;40.74619;-73.98512;4.0;179.0;54.21999999999998;5.3399999999999865;30.50000000000002;28.490000000000066;12.429999999999989
The Bernic Hotel;New York;145 East 47th Street;586709.87;4511983.4;40.75424;-73.9728;4.0;299.0;31.310000000000166;6.1599999999999895;29.83000000000001;18.910000000000032;5.859999999999998
Raintree at The Manhattan Club;New York;200 W 56th St;586009.69;4513170.95;40.76501;-73.98093;3.5;0.0;29.810000000000144;15.569999999999942;15.709999999999987;17.92999999999999;2.3999999999999995
11 Howard;New York;11 Howard Street;584458.87;4508072.75;40.71925;-73.99999;5.0;319.0472;24.88000000000009;2.97;12.439999999999985;19.48000000000003;1.2900000000000003
Green Acre;New York;239 East 51st Street Apartment 1E;587040.38;4512164.91;40.75584;-73.96886;3.0;200.47;28.070000000000054;3.7599999999999922;17.449999999999992;28.620000000000026;1.6500000000000004
The Beekman, A Thompson Hotel;New York;123 Nassau Street;583902.88;4507191.6;40.71137;-74.00669;5.0;418.5237;16.10999999999993;1.1000000000000005;21.510000000000012;9.499999999999988;7.599999999999997
Amazing Studio in the Heart of Manhattan;New York;17 East 67th Street;587080.89;4513602.02;40.76878;-73.96818;3.5;153.5253;8.029999999999966;2.3399999999999963;4.009999999999998;3.4199999999999977;0.8300000000000003
Renovated 2 BR Central Park;New York;769-779 9th Avenue;585408.28;4513131.79;40.76472;-73.98806;3.5;229.41;36.45000000000016;12.809999999999949;17.71;40.41000000000003;2.439999999999999
Beekman Tower by Bridgestreet;New York;3 Mitchell Place;587278.38;4511884.6;40.75329;-73.96608;3.5;206.14;14.149999999999938;0.8500000000000001;8.619999999999997;10.999999999999991;1.7600000000000002
Hello Apartments NYC;New York;38 West 31st Street;585452.71;4511182.75;40.74716;-73.9878;3.5;260.0412;54.33000000000007;7.039999999999986;32.23;29.64000000000005;10.259999999999994
DoubleTree by Hilton New York Times Square West;New York;350 W 40th St;585003.09;4512250.05;40.75682;-73.99298;4.0;199.47;32.18000000000015;15.779999999999932;33.26;31.580000000000066;2.33
Hotel 50 Bowery NYC;New York;50 Bowery, East Village;584765.56;4507697.67;40.71584;-73.99641;4.0;339.0544;26.660000000000124;1.7200000000000006;6.579999999999992;15.949999999999969;1.1200000000000003
AKA Central Park;New York;42 West 58th Street;586464.42;4513120.73;40.76451;-73.97555;4.0;325.38;22.870000000000005;9.179999999999968;12.93999999999999;11.989999999999968;1.6400000000000003
Hotel Richland New York;New York;5 Allen Street;585046.55;4507577.65;40.71473;-73.9931;2.5;209.0;14.969999999999915;1.6900000000000008;4.389999999999996;15.22999999999998;2.8799999999999986
Oakwood at The Nash;New York;222 East 39th Street;586560.47;4511329.95;40.74837;-73.97466;4.0;388.739;24.840000000000096;1.5300000000000005;17.459999999999997;17.059999999999988;8.0
AKA Wall Street;New York;84 William Street;583815.03;4506817.58;40.70801;-74.00778;4.0;395.44;20.440000000000033;0.4800000000000002;12.759999999999991;8.589999999999995;6.9999999999999964
Beautiful Studio near Central Park;New York;943 Columbus Avenue;587524.34;4517001.24;40.79935;-73.96245;3.5;180.15;4.659999999999993;0.11;2.2300000000000004;5.579999999999998;0.32000000000000006
Four Points By Sheraton Manhattan Midtown West;New York;446 10th Ave;584524.17;4512049.17;40.75506;-73.99868;3.0;162.0258;14.749999999999943;9.919999999999973;11.059999999999995;15.139999999999976;0.9000000000000001
Gansevoort Meatpacking;New York;18 9th Avenue at 13th street;583943.06;4510358.37;40.73989;-74.00579;4.5;285.45;61.27000000000009;2.799999999999996;9.059999999999995;57.77000000000005;0.82
Crowne Plaza Midtown Manhattan;New York;320 W 36th St;584942.86;4511907.41;40.75374;-73.99374;2.5;243.13;32.33000000000012;21.430000000000103;26.09999999999999;24.13000000000003;2.4000000000000004
Carnegie Hotel;New York;160 W 56th St New York;586015.06;4513363.08;40.76674;-73.98084;4.0;249.0;24.810000000000105;13.319999999999967;12.579999999999991;13.969999999999983;2.9799999999999978
Broadway Hotel and Hostel;New York;230 W 101st St;586900.15;4516845.11;40.79801;-73.96987;2.0;95.34;4.109999999999994;0.09000000000000001;1.9800000000000002;2.1400000000000006;0.22000000000000003
The Watson Hotel;New York;440 West 57th Street;585455.27;4513522.02;40.76823;-73.98745;3.5;229.32;17.309999999999953;12.25999999999996;6.259999999999995;16.059999999999985;3.579999999999999
Astor on the Park;New York;465 Central Park West;587824.14;4517048.09;40.79974;-73.95889;3.0;149.33;6.289999999999989;0.14;1.43;2.39;0.43000000000000005
Hotel Hayden;New York;127 West 28th Street;585116.57;4511116.71;40.7466;-73.99179;4.0;249.48;47.450000000000045;8.389999999999977;26.120000000000008;29.470000000000038;8.879999999999995
Embassy Suites by Hilton New York Midtown Manhattan;New York;60 West 37th Street;585620.31;4511657.64;40.75142;-73.98575;3.5;521.42;45.14000000000004;12.78999999999996;35.38000000000001;28.300000000000047;6.049999999999996
Saint Nicholas Inn;New York;154th Street;589121.44;4520502.05;40.83071;-73.94302;2.5;112.8715;2.589999999999997;1.2400000000000002;0.53;0.25;2.79
Hilton Garden Inn New York Times Square South;New York;326 W 37th St;584956.28;4511988.61;40.75447;-73.99357;3.0;0.0;31.230000000000125;17.740000000000048;26.52;24.290000000000028;2.34
